"","R0_average","Case_average_onset","CCase_average_onset","Inf_quantile_n_average","H_quantile_n_average"
"1",12.3032231371008,0,0,0,0
"2",28.6591614024965,0.08,0.004,9.211989912159,0.00476116447735559
"3",10.593930436768,0.52,0.063,12.2384548107417,0.00883406871171197
"4",4.33082491604987,1.08,0.173,13.4017961916321,0.0131563484808422
"5",2.2507447164779,1.54,0.347,13.8252336720074,0.0195786925609436
"6",1.37725322311168,1.79,0.52,13.7822705081584,0.0297408635597284
"7",0.779675797500461,1.73,0.672,13.1506139860398,0.0445065994178286
"8",0.640661170090592,2.11,0.882,12.5249457782746,0.0639030307107634
"9",0.561193844382342,1.94,1.076,11.9284814572745,0.0872765482160773
"10",0.541361480997418,1.58,1.251,11.4179139070028,0.113543773499634
"11",0.545756508157148,1.95,1.456,11.0347146956597,0.141460756438614
"12",0.57059663149198,1.69,1.631,10.8759164254521,0.169832005349402
"13",0.568397694355544,1.65,1.79,10.8808523064149,0.197645563047116
"14",0.641246582861596,1.48,1.975,11.1392859248345,0.224148452526378
"15",0.684294197296669,1.62,2.069,11.5184926207452,0.248870905880311
"16",0.906443250028993,1.68,2.249,12.5335699434395,0.271615370293935
"17",1.09971620864902,1.69,2.425,13.9573557488379,0.292424487316345
"18",0.977782043806894,1.93,2.712,15.0346572469675,0.3115756962221
"19",1.00928110039867,1.94,2.843,16.1175830613159,0.329569870818598
"20",0.985304970137374,2.35,2.95,16.9919388043332,0.347022132616218
"21",0.980149658055442,2.34,3.228,17.9053690442411,0.364530136453208
"22",0.722954188146543,2.56,3.486,17.9681387059001,0.382585954034335
"23",0.70908194087507,2.61,3.814,18.1505516258808,0.401531017725125
"24",0.560658380327115,2.36,4.007,17.8168760620941,0.421490340542247
"25",0.437355229672345,2.77,4.376,16.923322346064,0.442359350799058
"26",0.400711691362053,2.37,4.738,15.997833473523,0.463828470506027
"27",0.41928822142503,2.5,4.889,15.2658300856916,0.485385019519018
"28",0.481633807204999,2.24,4.976,14.8157969197422,0.506373924122834
"29",0.458510809481363,2.14,5.338,14.516201618048,0.52612713981512
"30",0.4799498767131,2.29,5.542,14.3560029476306,0.544094827979127
"31",0.482245216113752,2.29,5.694,14.2164920000844,0.559920014374585
"32",0.507666844557264,2.13,5.954,14.2795019522154,0.573450341858528
"33",0.495068820747649,1.94,6.24,14.1878781551983,0.584707584374895
"34",0.600022621657108,1.91,6.402,14.5130990897291,0.59384891849412
"35",0.598044030990683,1.97,6.485,14.8325447741151,0.601116486448137
"36",0.517082402175002,2.3,6.777,14.8024957820415,0.606818301322107
"37",0.543395054429906,1.89,7.078,14.821800321089,0.611310695010779
"38",0.559234555702582,2.17,7.277,14.9229631944107,0.614926788024242
"39",0.587251548739001,1.98,7.376,15.0379065395906,0.617928466998186
"40",0.464229514921159,2.29,7.801,14.6696392016282,0.62051419664622
"41",0.559900198249399,2.09,7.811,14.6286621887774,0.622830900460235
"42",0.588323183999035,2.18,8,14.7059881298759,0.624944310611824
"43",0.542013146570093,2.21,8.314,14.5560681477528,0.626854084152011
"44",0.488223996284012,2.13,8.671,14.3037298791279,0.62855067720873
"45",0.440017931102654,2.12,8.744,13.8603195536685,0.630020302849783
"46",0.500924709195983,1.97,8.913,13.7061205117288,0.631220319496004
"47",0.503388337310341,2.02,9.034,13.6264279856364,0.632064364859072
"48",0.52937457472336,2.07,9.175,13.6585309577583,0.63245629351127
"49",0.592009513751612,2.06,9.654,13.8984375308695,0.632339840134826
"50",0.590295197537734,2.1,9.685,14.0186469485608,0.631723773602671
"51",0.558655275977414,2.22,9.924,13.965983916259,0.630693981386985
"52",0.540768443376794,1.88,10.233,13.8775936035864,0.629387117595291
"53",0.461738138001059,2.05,10.298,13.5068917246694,0.627933368614016
"54",0.504915976130707,2.05,10.55,13.2878536016827,0.62641551629681
"55",0.433727810967091,2.1,10.746,12.8080244857925,0.624841676570987
"56",0.461651848622947,2.05,10.812,12.454757840803,0.62315402835301
"57",0.430331170282424,2.03,11.187,12.0655082883173,0.621244247280026
"58",0.372621182507738,1.63,11.403,11.5020666052462,0.618976246111325
"59",0.307587004072744,1.82,11.668,10.772580624279,0.616213913601161
"60",0.307811308897283,1.6,11.617,10.0794031404683,0.612817531988831
"61",0.255988610951962,1.7,11.879,9.26887082149222,0.608627726134524
"62",0.236488205326056,1.36,12.095,8.4899845308493,0.603471681175482
"63",0.251560600035228,1.59,12.063,7.86334927716752,0.597176536976565
"64",0.2633896267265,1.41,12.33,7.33417035359426,0.589586653980607
"65",0.295358033417155,1.14,12.521,6.9629269934932,0.580596501514097
"66",0.28832809116302,1,12.507,6.59163666842052,0.570178210289238
"67",0.355899184139421,0.98,12.763,6.39523533062213,0.55839301083718
"68",0.386202708215604,0.88,12.756,6.29555602496521,0.545380011511704
"69",0.477033610186002,0.9,12.77,6.3753299670591,0.531342040768386
"70",0.463463551226247,1.16,12.759,6.41098406913362,0.516535955672784
"71",0.57171563210131,0.95,12.902,6.60660920240657,0.501262280628959
"72",0.517585631739999,0.84,12.958,6.6710593275513,0.485840824129771
"73",0.64130173946783,0.88,13.293,6.88052640952345,0.470587958848743
"74",0.559277805861045,1.12,13.355,6.91374298109112,0.4557905395589
"75",0.5652554047832,1.09,12.953,6.8941710808074,0.441690649229231
"76",0.536138392740429,0.93,13.446,6.88303655795952,0.428469282749326
"77",0.577270207787977,1.16,13.562,6.94402869700866,0.416229639806018
"78",0.530919215228478,0.95,13.52,6.90138802703517,0.405005508366131
"79",0.640968402077662,0.93,13.701,7.0270603523205,0.394786104665941
"80",0.65941740685875,0.95,13.865,7.18305705309372,0.385531280175678
"81",0.648099850342438,1.17,14.118,7.23980976368393,0.377193087831288
"82",0.60104902466374,1.19,14.136,7.27389299628967,0.369736106545132
"83",0.757703709907199,0.99,14.191,7.51262803770274,0.363129473998364
"84",0.657122988160924,0.99,14.361,7.63778904534291,0.357335480512212
"85",0.692841243751409,1.08,14.381,7.81157287976984,0.352324460699296
"86",0.72448319528308,1.18,14.228,8.06107047305328,0.348078847681624
"87",0.85619031333538,1.26,14.576,8.49419494138414,0.344586437582362
"88",0.854037551510154,1.1,14.719,9.00209260720223,0.341847657704342
"89",0.996002737148643,1.25,14.895,9.82571668674289,0.339894598804058
"90",1.13644185186495,1.31,15.096,10.9033077345995,0.338804965601798
"91",0.948110880575454,1.54,15.08,11.5700359494954,0.33872152456401
"92",1.1147671564577,1.49,15.32,12.6257515285689,0.339862443290158
"93",1.09461724647881,1.71,15.427,13.557329914523,0.342463427224925
"94",1.20886965503129,1.95,15.535,14.6570258470972,0.346741680365629
"95",1.18163974615013,1.87,16.048,15.7824639181631,0.35288882387832
"96",1.1840797982915,2.08,16.015,16.9189374921932,0.361066052365116
"97",0.974818758178091,2.47,16.292,17.6056004273245,0.371407576530232
"98",0.812466574895194,2.41,17.013,17.8208302556248,0.384009212037956
"99",0.760326365153284,2.38,16.839,18.0159726279931,0.398872184306047
"100",0.818994567301727,2.75,17.113,18.4367670693821,0.415832659076815
"101",0.854259814415044,2.68,17.277,19.0088106204226,0.434568340379228
"102",0.898186497923829,2.63,17.612,19.9160977740001,0.454689105063287
"103",0.934748194777083,2.9,18.015,21.0643416042339,0.475839393467652
"104",0.883685871206638,2.78,18.208,22.1431175746566,0.497779251631119
"105",0.805031203542377,3.15,18.322,22.922928493582,0.520424810009957
"106",0.637569221510357,3.1,18.88,22.8779998360119,0.543815120524289
"107",0.565351340672006,3.08,19.419,22.5407591369482,0.568010059326909
"108",0.49230318535923,3.35,19.425,21.8610326854333,0.592944037308889
"109",0.561041051128593,3.16,19.701,21.5919467010338,0.618340102145862
"110",0.447974852780487,2.88,20.027,20.7698451423653,0.643726963759233
"111",0.432323504698544,3.31,20.645,20.1139714014299,0.668547521807117
"112",0.486244195904749,3.11,20.924,19.8493478182358,0.692232054608577
"113",0.518032515270537,3.06,21.106,19.874947508711,0.714247723149183
"114",0.548745659018192,3.32,21.303,20.1353810339124,0.734193874920916
"115",0.599440687225608,2.89,21.87,20.7013074785972,0.751878271380653
"116",0.661532774107372,2.82,21.834,21.4995854718988,0.767337725727968
"117",0.722627336179665,2.91,22.389,22.5724274967115,0.780824388241995
"118",0.835308917027485,3.26,22.194,24.0142746106331,0.792770435549055
"119",0.929520085640598,3.51,23.008,26.0331006915179,0.803745476718224
"120",1.156822759078,3.71,23.211,29.3834377502633,0.814430231584007
"121",1.51148121181237,3.85,23.663,34.2284076871888,0.825631255517429
"122",1.76573048791629,4.36,23.87,40.6139512304864,0.838380799278294
"123",2.0195825863411,5.17,25.022,48.797724056687,0.854076188779471
"124",2.27675964854602,6.39,25.14,58.9141963853432,0.874570088916422
"125",2.38680508495097,7.02,25.956,70.4560954688176,0.90220810475421
"126",2.39817814000638,8.7,26.79,84.4654865604315,0.939823273518299
"127",2.04046263791195,10.59,27.805,96.7841169492056,0.990654553787992
"128",1.54902325798553,12.85,28.972,104.487594144629,1.05823633048624
"129",1.33309810563401,13.49,30.69,110.818018696956,1.14591057863435
"130",1.41284807614212,14.76,31.773,119.776082074342,1.25587769705307
"131",1.33205557579172,16.04,33.454,130.399932464333,1.38866514457175
"132",1.42736565364646,18.18,35.556,144.545467525617,1.5435944083328
"133",1.3331609136846,19.65,36.948,158.229641224638,1.71966176486197
"134",1.21379544150419,20.98,39.243,171.157993878717,1.91630435257644
"135",1.30148395991491,22.76,41.759,187.05779001075,2.13358769347621
"136",1.35825513572501,24.64,43.81,205.570417496241,2.37189717074755
"137",1.38783521855322,27.61,47.264,227.648984143111,2.63190586369262
"138",1.56553662789492,31.12,49.899,256.375901471131,2.91484718704141
"139",1.64043202444205,33.38,53.016,288.850913802065,3.22285639445465
"140",1.29028753502513,37.93,56.877,308.955693820636,3.55946365936721
"141",1.08354888729227,40.58,60.687,322.017265502923,3.92955131968259
"142",0.746083246187869,44.32,65.556,319.482469381909,4.33739001852678
"143",0.688942139762684,44.33,70.246,315.271573090505,4.78410103661618
"144",0.612624377019652,45.06,74.529,310.236636128932,5.2657677186543
"145",0.547645256091923,46.54,79.277,302.674874135201,5.77347007314934
"146",0.471099963017249,45.46,83.786,291.767082914032,6.29519505866852
"147",0.456479341368893,44.59,88.207,281.524555043681,6.81775904109332
"148",0.358043071909138,43.13,92.685,264.704084379159,7.32805876201406
"149",0.273460889011093,41.25,96.82,243.335372075656,7.81399766351845
"150",0.299022079629587,38.19,99.994,226.630489627349,8.26462507247938
"151",0.317885894866379,36.33,104.457,212.778028857621,8.66983477545232
"152",0.376887780258587,35.08,107.719,205.04001317831,9.02104199844692
"153",0.46919322471216,32.46,110.969,205.985615484156,9.31235928261201
"154",0.541706425271654,31.04,113.725,212.654447589293,9.54159393212704
"155",0.761843162556401,31.75,117.223,232.339887167617,9.71104737479429
"156",0.866692846817351,32.25,120.043,255.057481008426,9.8276992847934
"157",0.805290272269987,34.04,124.313,273.318583827723,9.90318014442725
"158",0.935218137961455,36.87,127.395,298.117433878939,9.95275671358063
"159",0.793656037379471,39.55,131.265,310.949034818247,9.99284951495414
"160",0.80343878008747,42.67,135.384,322.52396229962,10.0390901759575
"161",0.602931602242117,45.43,140.294,319.042932494239,10.1042949460354
"162",0.593617051399151,45.7,144.43,313.749284500639,10.196776812512
"163",0.517379248690503,46.45,149.751,305.842015686822,10.3191450419704
"164",0.48385195300621,45.02,154.183,295.924550951019,10.4683266984896
"165",0.477122268452205,44.81,158.994,287.011210719968,10.6371209436523
"166",0.333845071102635,44.49,163.503,268.100487103383,10.8160125122909
"167",0.275145094412471,42.68,166.767,246.511626677908,10.9947831191694
"168",0.271134016427872,40.4,171.103,226.789259502929,11.1628842286851
"169",0.242843025922082,35.84,174.161,207.218781597146,11.3094426339177
"170",0.23218335420686,34.52,178.098,189.546916269942,11.4241595506761
"171",0.215516775219829,31.56,181.264,172.648728961941,11.498357355375
"172",0.242308752514354,27.81,184.105,159.472418473828,11.5256723192971
"173",0.241001118641309,26.63,187.019,147.607449486178,11.5023474222904
"174",0.28006871724856,25.16,189.285,139.866345830383,11.427345835225
"175",0.271841670464685,22.86,191.907,132.227631615927,11.302216896406
"176",0.368128711686764,21.45,193.282,130.888882005326,11.1308151225058
"177",0.46530895767114,20.11,196.104,134.405116600864,10.9187998513626
"178",0.572917819796866,19.91,197.517,142.348564192229,10.673408859495
"179",0.833073953125257,20.66,199.615,160.681266249377,10.4035199134894
"180",1.00553242874195,21.37,202.53,183.171767727465,10.1195788966262
"181",1.07033654776687,23.92,204.471,206.598158425284,9.83381025228007
"182",1.36554673022944,27.65,207.173,239.369426620004,9.56001357662973
"183",1.2561423413396,30.01,210.393,264.691544903388,9.31254940404388
"184",1.03946550815683,35.36,214.614,279.691140493487,9.10567274242913
"185",1.10447834218042,37.57,217.669,298.226003641546,8.95204971499771
"186",0.923981465928537,41.14,221.01,306.713148673302,8.86038513805132
"187",1.04917188412271,42.24,225.31,324.066211586718,8.83472881716862
"188",0.984247291462549,45.71,230.098,338.17910364093,8.87470954240136
"189",0.854066690060626,46.2,234.739,348.453124487826,8.97693125721975
"190",0.841327373657752,49.14,240.413,358.905831646537,9.13653355007955
"191",0.872217809961441,50.6,245.95,373.627813343959,9.34757258745125
"192",0.722248092559343,51.96,249.834,376.727613745427,9.60344132542422
"193",0.613173672940186,53.06,255.155,373.093959290152,9.89769369336939
"194",0.62567500852515,54.72,262.074,372.557974664809,10.2235437806727
"195",0.691393229869822,55.08,265.917,379.027585828044,10.5727405304152
"196",0.62889467688068,55.94,271.996,380.342118113749,10.9361327329124
"197",0.657043561238705,57.01,277.14,384.827130972765,11.305497551885
"198",0.699712767200414,55.85,283.858,393.590104090555,11.6742767249454
"199",0.602372693756329,56.09,288.983,393.753023647801,12.0376625595267
"200",0.52236290007953,58.63,294.629,385.67283211475,12.3928657060716
"201",0.519042598331206,57.04,300.673,378.737761657922,12.7380847731389
"202",0.402105292275552,57.04,306.487,361.564573111444,13.0706948229478
"203",0.400720213237012,55.98,311.85,345.804438799986,13.3866414021023
"204",0.409380497108119,55,315.789,332.11050427447,13.6802168215656
"205",0.410454226875106,51.65,322.699,322.417387795331,13.9444946895084
"206",0.47975275389245,50.99,326.465,319.387218613547,14.1727792737189
"207",0.517128184720318,48.92,331.817,321.594470623403,14.3601498132375
"208",0.531740112048261,47.78,337.555,326.002568442382,14.5047725438352
"209",0.606958210056234,48.62,342.654,336.994120226615,14.608522478979
"210",0.762768630064982,48.89,346.55,359.990821129351,14.676647439189
"211",0.744582831901298,49.25,351.943,379.276064097595,14.7173369489684
"212",0.914317018944117,53.05,356.974,410.853696859364,14.7417780448748
"213",0.944047333078443,57.71,362.422,441.756252979005,14.7631872329554
"214",0.860669021229185,59.95,370.052,463.327748996194,14.7959564849903
"215",0.886249902659739,63.16,375.292,484.146446691756,14.854662810335
"216",0.894977721777073,66.61,382.128,506.698531607189,14.9517303962155
"217",0.836535181672703,70.61,387.599,525.945130980511,15.0958404978526
"218",0.771907796466504,73.83,396.191,538.644647757838,15.2920522384536
"219",0.877501503993056,76.23,403.405,562.069544288253,15.5422092222119
"220",0.869393382905832,79.97,411.267,587.658804037093,15.8450533882722
"221",0.783340315847174,83.02,420.74,605.651784861395,16.1977385366214
"222",0.788171506656436,84.68,428.45,622.097009563145,16.597571394213
"223",0.757469305076206,88.47,436.489,639.8426178308,17.0418035293314
"224",0.780165424307562,90.9,447.317,658.111682665614,17.5268936483403
"225",0.764674732269527,93.93,455.921,681.12369947232,18.0486420555865
"226",0.643489541755564,98.56,464.272,686.722427941629,18.6028032772356
"227",0.673574180140133,99.47,475.656,696.657137137709,19.1856476658659
"228",0.549425053597269,101.52,485.956,686.408624215731,19.7927738328677
"229",0.619758536620571,97.88,494.98,688.140796703142,20.4180976856555
"230",0.640676289130806,101.87,505.923,696.972368503179,21.052983201933
"231",0.528440166822233,102.51,516.342,687.521401737116,21.6872856792811
"232",0.55976388350456,103.19,525.28,680.397216346448,22.3120209996633
"233",0.601681541582272,102.29,536.022,682.821766057783,22.9191029507228
"234",0.514827929295398,101.57,545.684,669.852833688517,23.5006531563723
"235",0.399760103370899,100.84,556.605,640.011838321589,24.0502033812908
"236",0.401910121419816,96.96,565.31,614.151900551707,24.5620631244926
"237",0.375001549211926,96.1,575.428,585.496058614124,25.0287808248062
"238",0.421663918945006,91.46,585.153,569.692881345797,25.4408872617953
"239",0.502260442200896,86.44,592.437,570.243121761278,25.7885675658706
"240",0.547209303207621,86.97,602.79,577.531732691996,26.0644799502179
"241",0.717678187046514,84.9,612.662,613.593380300007,26.2670437521962
"242",0.872434068883585,87.77,618.809,674.308125537055,26.402041653873
"243",0.95581016318535,91.93,628.11,741.79085430646,26.4841242321269
"244",1.03701349147644,99.95,637.467,816.699561855885,26.5380114515264
"245",1.50332472987932,109.71,650.16,959.243704348788,26.5964568471646
"246",1.36519430541007,123.25,662.966,1076.31616610558,26.6970753024953
"247",1.20210678252789,137.83,676.987,1162.21860414956,26.883919256968
"248",1.1618761593432,154.91,689.767,1245.0260023455,27.2042776859601
"249",1.13654710461816,168.39,708.089,1320.74658177451,27.6982854937085
"250",0.98970675800443,180.59,725.431,1375.88639139074,28.3925099966897
"251",0.843079554268644,187.99,745.349,1404.78937694588,29.2990432490889
"252",0.787159070759005,199.75,764.715,1422.98066221333,30.4155269171166
"253",0.764780937313983,203.18,785.561,1437.08034829749,31.7250733002481
"254",0.758829071943762,206.84,804.966,1454.54264960396,33.1983841972028
"255",0.673141073598476,209.04,827.544,1457.92483670578,34.7985401784395
"256",0.669187236888725,212.71,849.9,1474.99210898459,36.4864988523691
"257",0.541520564045122,215.08,869.161,1446.97367988503,38.2244978459567
"258",0.563892101377732,213.86,891.486,1428.49133962138,39.9784250574204
"259",0.471478047223334,213.8,914.471,1384.25428310089,41.7161031621596
"260",0.436549073540336,210.39,933.305,1331.96643616852,43.4057960642546
"261",0.375511568859988,204.41,954.396,1262.5723491249,45.0159637392265
"262",0.316428871147009,193.69,973.415,1180.14390669826,46.514798480442
"263",0.267371840906321,186,991.863,1089.216930005,47.8703158823896
"264",0.25855886341256,174.44,1011.611,1003.82057943438,49.050604076803
"265",0.226381253469185,160.99,1026.239,915.174105378064,50.0250586295834
"266",0.251713530416664,150.64,1041.673,842.803626135703,50.767061452791
"267",0.253180418237076,138.78,1054.27,779.805406424448,51.2564299385218
"268",0.209708029827745,128.13,1068.496,713.954371495414,51.4818434532999
"269",0.210519449977833,119.1,1079.839,653.358928353083,51.442387700464
"270",0.199966386595514,108.28,1090.974,596.101271463708,51.1461635293033
"271",0.198517107951161,100.17,1100.758,542.86272599255,50.6078362926745
"272",0.169883036686229,90.08,1111,488.826126088993,49.8466203003156
"273",0.140341965006902,81.17,1117.579,434.409295011908,48.8845569367686
"274",0.151695526936052,73.9,1124.528,388.74594761949,47.744724759983
"275",0.159650088356914,65.39,1132.012,350.684454654184,46.4497049958831
"276",0.155307491824341,60.03,1139.163,316.019802367358,45.0214547285466
"277",0.173349288528615,54.27,1141.767,288.691428028659,43.4819924152988
"278",0.224675406747539,47.92,1147.211,272.598339188396,41.8535434454813
"279",0.252651392611277,43.42,1151.213,260.295729713379,40.1585239587272
"280",0.309201268929527,41.61,1157.008,255.361497781312,38.4199146923412
"281",0.432751665096798,41,1159.463,262.211164809753,36.6610944471511
"282",0.529937359144658,38.4,1163.558,275.87196757504,34.9053616889289
"283",0.566829676604179,38.79,1169.278,288.836123136636,33.1760281902141
"284",0.793061877625689,40.37,1171.137,316.243827405884,31.4962502412691
"285",0.844229843943853,43.77,1175.941,343.38737602378,29.8879165491551
"286",0.752179536500323,46.47,1183.863,358.145534586866,28.3713661903503
"287",0.649144746246743,50.32,1186.352,359.575575208132,26.9648639482751
"288",0.560860558703097,51.05,1191.641,353.844527619467,25.6820625411383
"289",0.435727690368991,52.12,1194.878,338.115424862911,24.5291485881736
"290",0.504429931906007,50.3,1202.789,329.479758109237,23.503830959589
"291",0.39772558754498,49.82,1205.421,312.652038993354,22.5961503551413
"292",0.38123780749986,49.16,1211.883,296.456566155971,21.791267319584
"293",0.310235888535175,45.92,1217.07,275.82648589814,21.0720484794248
"294",0.355718349454509,44.04,1220.967,262.621781243209,20.420691487208
"295",0.35611711203237,42,1223.629,250.937890474045,19.8199512519045
"296",0.30632403526626,39.62,1228.428,235.985847279428,19.2546400326772
"297",0.309004323389199,37.74,1230.895,221.739417044417,18.7128011213909
"298",0.360573720234307,35.6,1235.631,213.301690815344,18.1854511644363
"299",0.38641679883123,33.22,1238.882,207.582071860476,17.6659844262905
"300",0.391505180223655,31.66,1244.021,202.331631695123,17.1502942861984
"301",0.400313997056375,30.09,1244.229,197.477659174973,16.6369262966082
"302",0.422540440499783,30.09,1246.844,193.930793941783,16.126581541421
"303",0.364913433845622,30.83,1251.209,186.18823575275,15.6213087750776
"304",0.322537659241215,28.04,1253.007,176.073560764213,15.1237856033111
"305",0.355182027310109,27.92,1257.577,169.020431326626,14.6363638363361
"306",0.462636452036808,27.02,1259.87,168.278731876302,14.1602633731904
"307",0.418834939554302,26.11,1264.115,165.16480847526,13.6958430212245
"308",0.423964497306228,24.85,1263.047,161.35313445345,13.2436831253249
"309",0.450015451822517,25.15,1267.295,159.138205369424,12.8049052826644
"310",0.458884813137204,24.11,1269.137,156.658038983072,12.380732327786
"311",0.453767525516707,23.55,1272.946,153.708154321734,11.9722865228942
"312",0.401006212454104,23.39,1273.962,147.953813350834,11.5805116503489
"313",0.419204582127737,22.54,1277.491,143.872556135649,11.2059754136197
"314",0.389405940703784,20.91,1279.461,138.336349412165,10.8485519723877
"315",0.370331478835813,21.54,1279.787,132.22181562617,10.5074511876312
"316",0.298242586395371,20.87,1282.228,123.497482496501,10.1813949311108
"317",0.278234885890363,20.32,1286.592,114.880355181703,9.86865223038512
"318",0.358500866111959,17.73,1287.31,110.528680721335,9.56695966479932
"319",0.414407243940068,17.91,1289.347,108.948574623232,9.27367460103999
"320",0.417279622421418,17.12,1290.632,107.392161931357,8.98654554800539
"321",0.42437023906494,16.2,1290.552,105.188591392104,8.70447931376065
"322",0.456758199876685,16.31,1293.383,103.404777603004,8.42759424018314
"323",0.422183123878244,15.18,1295.114,101.131768328385,8.15674106175611
"324",0.426249250379886,15.11,1298.179,98.8765049314238,7.89303714671367
"325",0.474367504307195,14.91,1298.848,98.3728780932621,7.63753766080777
"326",0.516134317846184,15.43,1299.172,98.5015899022061,7.39106766140756
"327",0.47965487573654,14.99,1301.149,97.0335281232183,7.15434692680464
"328",0.444947648008504,14.51,1303.804,94.7183708234158,6.9281294504827
"329",0.371559047186482,14.66,1303.81,90.6070409974881,6.71301002673811
"330",0.392323891303566,13.61,1306.651,87.167610995811,6.50911547120837
"331",0.377410638099508,13.38,1307.383,83.5610756876966,6.31589871668654
"332",0.317530938667361,12.87,1308.651,78.3234205966585,6.13224050503319
"333",0.326474763928037,11.62,1309.655,73.8376672447386,5.95670510780104
"334",0.322431417768383,11.38,1310.094,69.8520248401118,5.78761619615231
"335",0.292604993364311,11.6,1314.047,65.2134364420699,5.6232042564817
"336",0.287410869363864,10.46,1311.883,60.6838229443358,5.46186205695388
"337",0.314841730580831,9.25,1314.613,57.2866756398586,5.30222550950575
"338",0.307218166416315,9.32,1316.156,54.0465669832983,5.14317898896625
"339",0.302661478091634,9.09,1314.788,50.9098526946105,4.9839650797679
"340",0.282465122483904,7.76,1315.464,47.7532811661587,4.82424196132157
"341",0.300632401466049,7.96,1314.873,45.1452066824642,4.66400754647595
"342",0.326937410360551,7.35,1318.874,43.1110223195984,4.5034828654124
"343",0.346141379399194,6.78,1317.633,41.4713382831457,4.34305693303013
"344",0.30056092122831,6.86,1319.934,39.3841628440698,4.18329224008768
"345",0.336238980321953,5.93,1319.519,37.8190302967849,3.88758154198421
"346",0.354578268641283,5.57,1322.487,36.5030063573108,3.61699193486931
"347",0.346301630271462,5.27,1319.231,35.1447880892617,3.36917424635406
"348",0.381360513846331,5.48,1322.735,34.1433613903712,3.14210351021639
"349",0.357915319060087,5.29,1320.925,32.8804466093253,2.9340093827159
"350",0.411882455112598,5.09,1321.544,32.1543718988164,2.74332583445113
"351",0.396961562534519,4.77,1322.136,31.4409037733804,2.56863594285047
"352",0.438369385840537,4.71,1322.147,30.9297173259577,2.40865839302449
"353",0.438299158177912,4.62,1322.602,30.3898660089504,2.26225176396257
"354",0.420746668783339,4.8,1324.154,29.7832151900433,2.12839831121905
"355",0.380779395753466,4.6,1325.059,28.6447062004329,2.00617288787546
"356",0.436740305080475,4.4,1326.921,28.035807175126,1.89469138407574
"357",0.421611397057372,4.12,1327.079,27.3656034061702,1.79304196709212
"358",0.390733882126961,4.67,1326.077,26.4104703555598,1.7003047236835
"359",0.41579162819943,3.71,1327.934,25.7360165828539,1.61560448494122
"360",0.410455552918128,3.91,1327.214,25.0268475592993,1.53810251810744
"361",0.405575001153496,3.65,1327.881,24.204134246184,1.46701029669275
"362",0.452867736873121,3.98,1326.783,23.7532162795848,1.40161272406712
"363",0.499898499458295,3.26,1328.306,23.7583578236726,1.34126353061888
"364",0.563510840436601,3.55,1329.584,24.1177376512543,1.28541492913058
"365",0.697912605295113,3.81,1328.053,25.4335007259623,1.23368164477022
"366",0.740364322153263,4.03,1327.684,27.02850482688,1.18588765318969
"367",0.859537401763072,3.51,1327.836,29.1639379528341,1.14211766105014
"368",0.91120782322226,4.25,1328.394,31.2347720808519,1.10271163261717
"369",0.93343787459396,4.23,1330.484,33.0634500312728,1.06819654863216
"370",0.847459908126067,4.89,1331.527,34.2301198251243,1.03916428384201
"371",0.88455953550652,4.61,1328.938,35.7842561032582,1.01610721832351
"372",0.651950595381584,5.21,1332.509,35.7168561153491,0.999267500620703
"373",0.565454295206796,5.44,1333.074,35.0116899822268,0.988600601862714
"374",0.628563998614992,5.33,1333.624,34.9688142745998,0.983696759132632
"375",0.542986481867496,5.55,1332.712,34.2190262857568,0.983724083679303
"376",0.532514192505318,5.58,1333.584,33.426004822619,0.987600525363087
"377",0.583464313797709,4.57,1334.869,33.2394106863807,0.994160068418655
"378",0.534106647273878,5,1334.993,32.8498421006883,1.0022520931849
"379",0.545228564783189,4.72,1336.078,32.6443699408297,1.01088719194282
"380",0.500050383137702,5.35,1334.807,32.0165748638818,1.01931347062634
"381",0.578876596216144,4.49,1334.679,31.9921222273339,1.02700849920728
"382",0.800172477968019,4.39,1335.284,34.1257828293163,1.03362070875877
"383",0.905289830704126,4.55,1335.488,37.0249411667804,1.03899073007767
"384",1.07109971332034,5.26,1339.565,41.4510122068843,1.04337049674861
"385",1.16766306787255,5.67,1339.799,46.5003731742735,1.04757014680929
"386",1.25210010148478,6.12,1338.512,51.800316276409,1.05295251471225
"387",1.22579861473786,7.08,1339.06,56.323131207487,1.06129956044166
"388",1.03953381558195,7.33,1340.361,58.9231310054469,1.07453961689638
"389",1.18225417895285,8.03,1342.289,63.2361129240488,1.09437267522947
"390",0.966114972369842,8.89,1340.357,65.5856344111246,1.12188195276705
"391",0.92010087749779,9.46,1344.076,67.7096619568367,1.15752765822669
"392",1.0223811446366,9.8,1343.017,71.1727345153377,1.20121038251038
"393",0.898410843664891,10.02,1345.143,73.5113216173153,1.25231082873573
"394",0.609819642828604,10.08,1347.455,72.1969198757695,1.30997295818081
"395",0.52060329417271,10.54,1348.278,69.6603482374342,1.37321319985318
"396",0.46725064691797,10.82,1346.4,66.5991584610102,1.44058841245897
"397",0.425856970746128,9.91,1349.48,63.2758873718335,1.50997290408226
"398",0.383289705620522,10.24,1349.006,59.5569945527404,1.57874344923389
"399",0.293376648401574,8.96,1349,54.6801658456145,1.64413224652732
"400",0.246675250496934,8.77,1349.969,49.589416388643,1.70351581415424
"401",0.21652624559103,8.23,1352.562,44.6752738113372,1.75452214688298
"402",0.18813661780927,7.17,1354.653,39.8741361014002,1.79509359333438
"403",0.219589505492247,7.05,1354.532,36.0626281499967,1.82360739559691
"404",0.199381564363995,5.82,1354.569,32.5851595913051,1.83898373530645
"405",0.209838470918765,5.49,1354.875,29.7828199676934,1.8407880775537
"406",0.292633288139425,4.97,1354.649,28.4933516487741,1.82925273145739
"407",0.370944917136661,4.39,1355.911,28.3718300580182,1.80522233121071
"408",0.413421080494135,4.64,1355.998,28.6962776158995,1.77014632504658
"409",0.467526941192066,4.32,1357.741,29.5050529753256,1.72604715093696
"410",0.51803475799439,4.05,1359.197,30.4271011648568,1.67534654907399
"411",0.661937069537339,4.52,1357.335,32.0904606028865,1.62062036384479
"412",0.663260210136038,4.41,1358.097,33.4094704135104,1.56437089231333
"413",0.77359945833288,4.91,1359.191,35.3583070305552,1.50889305917191
"414",0.676078543509573,4.73,1360.812,36.0431925371136,1.45616526796398
"415",0.663285965006897,5.11,1358.399,36.386003505434,1.4077878342549
"416",0.772725538761298,5.03,1362.913,37.7187067605995,1.36487006908636
"417",0.682003393346411,5.2,1357.87,38.046656874081,1.32795462264887
"418",0.62058685233214,5.19,1362.275,37.9819963207432,1.29717416467899
"419",0.671703978769114,5.38,1362.159,38.3747280615064,1.27235476990024
"420",0.553558056821605,5.96,1362.007,37.7290900157598,1.25302674196469
"421",0.544466486058784,5.71,1362.381,37.0512385156652,1.23853172966546
"422",0.558783685807679,5.47,1363.262,36.630269227862,1.22806825678072
"423",0.630535433538608,5.51,1360.612,37.2805247967023,1.22071867838743
"424",0.685997809561246,5.4,1366.212,38.2562386797841,1.21558314191712
"425",0.546881222260755,5.5,1365.472,37.967690872673,1.21198867969478
"426",0.689694285278663,5.06,1366.444,39.068036879517,1.20958902115007
"427",0.75923852329111,6.01,1365.222,40.8461824264745,1.20821789395407
"428",0.70407792307591,5.75,1368.779,42.0561079176446,1.207852623963
"429",1.06548633419784,6.37,1367.097,46.5214448059928,1.20870310124009
"430",1.19866013109689,5.97,1367.627,52.4254010028745,1.21117742817534
"431",1.21364749335996,6.68,1368.489,57.7529523541824,1.21605951195429
"432",1.30064104960897,7.6,1371.019,63.5335223917112,1.22470410995751
"433",1.40422722459718,8.87,1370.459,70.8384578101371,1.23882202714035
"434",1.52290210728816,9.31,1370.393,79.3636804981239,1.26016866270406
"435",1.21676840188384,10.31,1371.909,84.5482105702446,1.29047374636234
"436",1.1572505685335,10.81,1373.675,89.4092564388635,1.33143021247757
"437",0.891698899707546,11.93,1375.8,90.7598932285814,1.38428096437914
"438",0.827035430478253,12.98,1376.604,91.4583787390406,1.44939748126203
"439",0.730299003312332,13.47,1376.441,91.0879361777104,1.52600729789204
"440",0.603371578897515,13.09,1378.356,89.3340163486613,1.61219587061882
"441",0.586253828713641,12.93,1382.075,87.6155367015902,1.70521855694572
"442",0.508063929776949,12.92,1381.072,84.8628193972733,1.80182884561876
"443",0.471942490035893,12.59,1384.286,81.6639113524887,1.89864307958517
"444",0.496764284554999,12.28,1383.502,79.4677103109756,1.992422960633
"445",0.413611646336258,11.95,1386.539,76.1388468439132,2.08025372215695
"446",0.39173254138604,11.66,1387.68,72.8704948627323,2.15977137263107
"447",0.430809255134621,10.98,1388.582,70.8191897947817,2.22921137240989
"448",0.544772023320643,10.77,1388.98,71.2439868859507,2.28734945738832
"449",0.562763584407532,10.97,1389.121,72.2325744574035,2.33361253052473
"450",0.741180197095098,10.73,1390.285,77.0093567529411,2.36832393686002
"451",0.881913890961462,10.55,1392.192,84.6084859601337,2.3927811694925
"452",0.939698693716451,11.52,1392.588,91.880737137732,2.40934821421644
"453",1.28483634641614,12.51,1394.026,105.213826103823,2.42150319845271
"454",1.59682384878474,13.8,1395.56,124.006923860202,2.43348949422213
"455",1.80290074022087,16.19,1396.295,146.802322418893,2.45029131525732
"456",1.65462187272266,18.05,1397.991,166.369233359255,2.47797531028339
"457",1.45179308762935,20.63,1401.5,181.13596512696,2.5236054832798
"458",1.12137969986109,22.89,1404.901,188.681660189042,2.59414811478932
"459",0.946296310086196,25.26,1403.748,192.587178814995,2.69478221401639
"460",0.846648147208529,27.6,1408.94,194.888178655064,2.82745778653456
"461",0.734672354862555,28.15,1412.213,194.143556291321,2.99046140946325
"462",0.744347481877995,28.3,1414.223,194.569090875075,3.17908845402364
"463",0.616059045708678,28.44,1417.421,190.817774822682,3.3866712381995
"464",0.508341324687451,28.59,1420.551,184.492413208679,3.60573298527722
"465",0.405524801902653,28.2,1422.321,174.521845857506,3.82867522086209
"466",0.576171286607527,25.73,1425.245,173.863646215455,4.04794034682576
"467",0.604930610964889,26.37,1425.712,174.599196034955,4.25622306217485
"468",0.469404876962498,25.96,1429.698,170.025534595665,4.44770252280951
"469",0.516770653112161,25.09,1432.83,167.801265355969,4.61905976986755
"470",0.456235068589833,24.35,1435.305,163.187005814908,4.76886287507386
"471",0.56127029772179,25.14,1438.941,164.506840482927,4.89679597653529
"472",0.657255203222995,23.94,1443.095,170.573264440547,5.00324384867815
"473",0.84408658922926,23.92,1444.098,184.386127715613,5.08953589413697
"474",0.792483944510093,24.76,1444.087,193.289844756248,5.15868116795803
"475",0.860275998594711,27.36,1449.607,203.741283231548,5.21584937639294
"476",0.917439554233786,29.37,1450.252,217.737245879308,5.26750641623544
"477",0.951072034520032,30.4,1454.41,233.178650286803,5.32016252645355
"478",1.0018772346988,32.42,1456.32,250.333662207454,5.38001794626966
"479",1.01367434743842,33.57,1461.516,266.927460602302,5.4529110588186
"480",1.00260942266295,36.1,1465.374,282.944881939776,5.54417603630875
"481",0.7609037489235,38.16,1465.177,283.845923994315,5.65833408354038
"482",0.636099823039345,40.64,1473.627,278.515532492015,5.79851376408131
"483",0.631483122319287,42.11,1475.013,274.0286567162,5.96482344863958
"484",0.555004584993945,40.27,1480.306,267.015317816408,6.15319991716216
"485",0.484981285600512,39.4,1484.429,257.278750371932,6.35634073956393
"486",0.540962916549059,38.03,1489.323,252.313944473067,6.56530508040344
"487",0.549462409392869,38.08,1492.571,248.775351759072,6.77075463717721
"488",0.630556222088426,38.14,1496.437,251.584252878166,6.96438693672576
"489",0.712138867834491,36.82,1502.049,260.586678924102,7.1401708438417
"490",0.748240969783653,37.97,1503.971,271.577012437911,7.29522738196239
"491",0.619938069736009,37.87,1506.341,272.896944785836,7.43034882367097
"492",0.562838724016869,39.68,1511.584,270.16278241066,7.54938464943286
"493",0.531852163613117,39.87,1515.532,266.625864570958,7.65697483859598
"494",0.574444314054337,39.44,1521.281,266.544490285948,7.75636070084788
"495",0.559945138397531,39.76,1522.065,265.51772218419,7.84882492912955
"496",0.620306178748504,40.54,1526.918,269.224748846098,7.93445953838685
"497",0.588814841449635,39.23,1531.235,270.784468148921,8.01303065580296
"498",0.836216243355413,40.33,1536.559,288.818399380486,8.08472156288583
"499",0.907044503444422,40.18,1541.165,312.386422188164,8.15055322245764
"500",1.05221565487335,42.25,1544.238,343.639332541365,8.21368255052644
"501",1.12159421569151,45.82,1548.057,378.172833306273,8.28054105738928
"502",1.24185025326112,51.18,1554.679,422.132733389651,8.36067346590209
"503",1.21438952417005,54.12,1560.632,463.038767629024,8.46580731470003
"504",1.28107786148024,60.12,1566.514,508.173976967764,8.60893475366919
"505",1.20941785279854,68.24,1572.081,546.638734469001,8.80289700564221
"506",1.11562513114934,73.03,1579.521,582.141883669374,9.0589586607239
"507",1.00902968414457,78.57,1585.906,610.365751258211,9.38540896196373
"508",0.881516570499104,82.84,1594.913,629.151260959033,9.78639594295669
"509",0.883662369400906,88.19,1603.453,644.862527009571,10.2612883403909
"510",0.817179750742722,91.82,1612.958,654.533133809138,10.8043624654282
"511",0.742799572941059,95.13,1621.321,661.786364478775,11.405472748848
"512",0.72973257801989,95.08,1632.86,667.915862331459,12.0513347765325
"513",0.673194440325227,96.86,1643.436,671.098050994572,12.7270089292484
"514",0.62435330833242,98.1,1651.866,667.278957737133,13.4174461128244
"515",0.547044947262208,98.08,1662.297,655.716986792475,14.1084723094444
"516",0.630062021376599,97.45,1671.95,659.484004207677,14.786794325298
"517",0.726999281707702,96.86,1680.268,681.294491781572,15.439750798582
"518",0.752592870315927,99.57,1691.589,704.640375696326,16.0573249381887
"519",0.851286478651289,101.06,1697.169,742.758921015317,16.6354907122444
"520",0.768748328227091,104.79,1711.178,770.745310989836,17.177143024695
"521",0.656538191064519,108.14,1721.745,779.42380294001,17.6912835793487
"522",0.566052399055108,112.94,1733.057,769.494147337285,18.1899211613704
"523",0.661097499953026,112.17,1745.666,776.591193481491,18.6826403775847
"524",0.721739463096711,112.85,1756.543,796.96923047257,19.172533980248
"525",0.759858108806627,115.42,1768.314,826.760669439196,19.6577874046724
"526",0.711736245901149,116.87,1780.033,845.785141856119,20.1365611508266
"527",0.764918054652157,120.77,1792.303,879.452201660577,20.6100848893266
"528",0.665999515657933,125.92,1806.661,889.55449315483,21.0821073038195
"529",0.713639622646142,128.97,1816.041,905.760351228478,21.5578857849403
"530",0.706690968599334,132.98,1831.44,918.605722467703,22.0418317465858
"531",0.723235203168597,133.84,1843.886,938.099591467046,22.5357752618092
"532",0.694280702080849,134.4,1857.763,956.032794692931,23.0393922846795
"533",0.776472319876765,137.43,1872.64,992.191377833737,23.551466085919
"534",0.661972465117293,142.15,1886.015,1001.42660430607,24.0711360656546
"535",0.771229234305671,144.12,1901.162,1034.99812881366,24.5993316220396
"536",0.652075405248645,147.72,1913.584,1039.46109439726,25.1374329919336
"537",0.732959853072726,152.3,1930.557,1061.75270472988,25.6866665477287
"538",0.7323483136494,151.14,1943.179,1078.32369995368,26.2469537227803
"539",0.738784924226913,158.04,1961.126,1103.41214907718,26.8166953643416
"540",0.680424640704221,157.19,1977.649,1116.80138615606,27.3940571693451
"541",0.709125800550217,162.11,1993.187,1133.80799523758,27.9777802923987
"542",0.834484162982609,167.53,2007.002,1182.73256637881,28.5667398118901
"543",0.691896008213025,169.11,2025.952,1199.5932409817,29.1598913471265
"544",0.787843180223847,171.15,2044.481,1246.64868351936,29.7590595090977
"545",0.788078241004843,177.26,2060.826,1289.57940321904,30.3680764959282
"546",0.694833111251134,183.64,2077.894,1310.31321930998,30.9921776971109
"547",0.830665165402248,186.33,2099.191,1365.71231935215,31.6381686080386
"548",0.821560642488773,194.83,2115.851,1422.94857496669,32.3115117379023
"549",0.882699635492808,198.18,2138.448,1490.23594262489,33.017270026143
"550",0.851719553513984,209.95,2160.431,1545.44922880633,33.7626497421206
"551",0.816889466008108,216.98,2178.863,1590.40624151788,34.5571239000037
"552",0.738038658937017,224.37,2201.065,1612.08769235252,35.4100229135956
"553",0.766034628330429,231.09,2230.074,1654.09973637193,36.3267817859358
"554",0.589102433046251,236.59,2249.72,1628.8927585517,37.3059523363296
"555",0.536790771394486,240.24,2273.862,1587.40393857339,38.3399029439708
"556",0.501919015980736,236.57,2296.051,1538.76700412586,39.4121164829768
"557",0.518605065936986,234.17,2320.186,1508.09570666276,40.4943215288122
"558",0.515440969848091,228.43,2342.77,1478.51046750104,41.550220959769
"559",0.636373027615251,223.13,2366.006,1494.55669121645,42.5433810236059
"560",0.690920495988636,220.37,2388.84,1532.04982868983,43.4443598382967
"561",0.652352400868679,226.36,2410.506,1549.39002315513,44.2375558317908
"562",0.618592462951678,224.76,2432.587,1555.95884479134,44.9247151164887
"563",0.613743757857154,227.42,2457.146,1561.00632092465,45.5196534034333
"564",0.619786259189857,227.25,2476.441,1570.57228291548,46.0397747607795
"565",0.635063351648555,231.45,2501.743,1594.41119797743,46.501020672912
"566",0.619060970910896,232.45,2523.208,1608.04226677903,46.9169060042347
"567",0.654496546946077,234.12,2547.46,1631.16279536231,47.2999348975776
"568",0.590505758779946,235.12,2572.237,1627.52090782055,47.6617199824045
"569",0.572571016472129,240.01,2598.757,1617.41013104303,48.0123733818236
"570",0.531291430679746,241.66,2618.758,1587.56298837292,48.3580995563605
"571",0.535365544103541,236.14,2642.652,1557.52352572651,48.6987849393555
"572",0.575046391720457,231.17,2667.48,1554.42754310975,49.0272386552735
"573",0.556902033175806,229.32,2692.419,1545.28384318477,49.3310967463417
"574",0.528183276149956,229.78,2712.492,1516.52026994653,49.5986279898093
"575",0.476183543048736,226.92,2736.161,1480.83449368353,49.8220215325645
"576",0.505563713018718,222.53,2760.708,1455.00312635364,49.995268088724
"577",0.512057221313857,220.54,2779.357,1435.36549431103,50.111784644403
"578",0.455929671007482,215.34,2800.119,1395.12790479456,50.1654157828049
"579",0.493394060752794,209.79,2825.262,1372.40946175252,50.1523299141063
"580",0.472805166491182,209.63,2844.458,1338.94702799028,50.0700725080313
"581",0.467560560340673,203.86,2865.064,1303.53757882749,49.9175189614616
"582",0.48365857259806,196.05,2883.701,1276.06649395203,49.6949867903973
"583",0.533006723247769,193.15,2901.836,1270.99899067868,49.4033538379283
"584",0.480223964486363,192.45,2919.654,1250.02481452662,49.0449167152132
"585",0.501701583216323,187.82,2939.484,1236.70074763304,48.6258182848153
"586",0.508851007633583,185.65,2959.479,1219.05811826394,48.1553445327184
"587",0.501448378523214,183,2976.983,1202.15655496818,47.6438301599536
"588",0.446988679400008,181.5,2996.553,1167.28082232622,47.1013109946561
"589",0.486801206283785,179.24,3012.511,1143.46422679439,46.5362497400672
"590",0.574275452222689,172.89,3029.18,1145.83383888978,45.9537515486682
"591",0.557154376520367,172.24,3046.427,1146.72686191104,45.3562487011581
"592",0.516993762789244,171.16,3066.537,1135.6868028124,44.7477306969201
"593",0.379879730538052,169.05,3082.413,1078.22067048212,44.135529981928
"594",0.464317544928098,167.35,3099.639,1048.29501163969,43.5271308849524
"595",0.520048092829689,161.06,3116.611,1035.32762710961,42.9238109443326
"596",0.457394471345791,155.68,3128.837,1010.08542397517,42.320780353168
"597",0.399692190762486,154.76,3146.993,969.073887644516,41.7130038373898
"598",0.320014758773916,150.27,3161.765,908.14665803969,41.0969864642639
"599",0.329442804488567,144.81,3177.242,852.955203372153,40.4682882408829
"600",0.355456998378248,135.39,3186.873,809.578005888291,39.8186512972764
"601",0.350968120578758,128.12,3203.248,766.959997863491,39.1366936036813
"602",0.372199012496688,121.08,3211.303,732.896429715571,38.4117472787871
"603",0.372435031892854,114.15,3222.065,702.360959466951,37.6366592418892
"604",0.346610626522052,110.04,3235.612,667.66441264365,36.8090015118726
"605",0.388051162356268,104.76,3246.7,646.812233851163,35.9310453405248
"606",0.401120991154227,100.61,3254.12,629.888360483294,35.0083069131013
"607",0.439439548225337,96.96,3269.393,618.740536123747,34.049012700612
"608",0.393551434821637,93.86,3276.265,596.281976778315,33.0640413626556
"609",0.432272798598568,92.38,3288.056,580.026899985381,32.0660085305444
"610",0.366575461198066,87.86,3292.206,553.600180007522,31.0669749493955
"611",0.367687639456072,85.84,3300.841,528.089577463217,30.076842432041
"612",0.429093049150402,82.11,3307.206,513.172700148564,29.1023589856357
"613",0.497497411712976,78.4,3319.53,509.872526266848,28.1469591523783
"614",0.509548627526956,77.08,3325.892,507.100774481452,27.2127517992828
"615",0.475821636715676,78.01,3333.504,499.173315029391,26.3030682404662
"616",0.529143195414503,73.41,3344.979,497.810584324662,25.4230545295218
"617",0.478315742521752,75.73,3346.539,488.048454038804,24.5782691632499
"618",0.416520913806313,75.04,3356.57,470.529863793877,23.7737068970193
"619",0.401014676957395,70.43,3363.844,450.00097729887,23.0126790113413
"620",0.349267178310726,69.59,3370.851,424.656336170725,22.2952728588588
"621",0.337687864750298,66.73,3377.474,398.507405900951,21.6179209452439
"622",0.307232867755199,62.73,3382.177,371.350529183222,20.9739177610246
"623",0.280770705762317,59.14,3388.218,343.296035953731,20.3545264059367
"624",0.24403043117279,55.68,3394.759,313.649478140308,19.7502969727619
"625",0.257553320178452,51.84,3401.639,288.7845130043,19.152077352942
"626",0.277344153690459,47.43,3404.701,268.542162506219,18.5516582536559
"627",0.275336850395384,43.24,3409.604,249.979053611318,17.9426482010804
"628",0.24373681071168,40.27,3414.27,230.818588744732,17.3213836764012
"629",0.244341331092409,37.38,3419.252,213.279806611583,16.6870301725321
"630",0.26802644704426,35.25,3415.832,198.559309792685,16.0408470173677
"631",0.32641601765859,31.47,3424.552,190.727023790241,15.3854110534245
"632",0.382019764084651,29,3426.213,186.981234649106,14.7243226834641
"633",0.504944203842528,28.79,3430.957,191.724665799266,14.0624767362753
"634",0.659269586486112,28.94,3434.165,204.44518964577,13.4063294409972
"635",0.80713297997255,29.24,3435.683,220.904018797673,12.7641397479361
"636",0.927326339370141,30.77,3440.209,243.203875010191,12.1461181302154
"637",1.17070395533892,33.02,3441.083,276.29842882579,11.5638972278192
"638",1.64222117039972,36.22,3447.945,331.830767639205,11.0298267922177
"639",1.92811776621727,41.49,3449.821,400.815326095982,10.557144260028
"640",2.21128042225139,49.45,3454.191,490.957589178012,10.1614775400879
"641",2.78532184127599,59.53,3459.349,619.782963885426,9.86195430915217
"642",3.53971530189232,74.04,3467.988,819.289018155305,9.68183518403743
"643",4.47891688120191,95.48,3477.226,1129.04273234768,9.65102283910044
"644",6.62733803981239,126.63,3487.377,1691.99933138516,9.81237987725357
"645",5.86462538488605,176.48,3506.945,2281.16469217095,10.2336820840226
"646",4.43400738389226,247.38,3535.046,2791.64250874398,11.0275943376978
"647",3.80803948786779,321.42,3569.536,3302.92013994845,12.3496831364482
"648",2.33884900662442,395.37,3605.537,3580.45238733281,14.3633349401852
"649",2.11661019607607,452.99,3651.732,3876.18942551313,17.2032833724629
"650",1.76676434138839,507.5,3701.717,4136.12624347471,20.9403367622711
"651",1.39941648435572,553.08,3754.948,4316.2787485791,25.569303962029
"652",1.38800627498894,590.56,3814.301,4602.76170662818,31.0242593596888
"653",1.13834640214221,630.71,3879.383,4793.21475014095,37.1954226252818
"654",1.03848711667624,663.63,3941.663,4917.93553960457,43.9555104922011
"655",0.939542040751678,693.04,4016.942,5001.2233989718,51.1755543346152
"656",0.967176823568165,715.85,4083.606,5147.59220470295,58.7228696105198
"657",0.950785129696032,734.89,4156.364,5341.30522384693,66.4618538774745
"658",1.04240273098301,757.73,4232.025,5636.76695954559,74.2680929210758
"659",1.12717849322231,789.64,4314.243,6049.86735780582,82.0473692759475
"660",0.877502047499598,835.58,4396.523,6205.43432384708,89.7520141436805
"661",0.72881479837997,870.89,4487.302,6179.86223654174,97.3871954151415
"662",0.630550161719889,891.13,4576.262,6033.50051704223,104.975048448828
"663",0.63914209767417,896.17,4664.661,5900.09874046257,112.501425933509
"664",0.595565943539788,882.05,4752.053,5732.69848117447,119.8922523135
"665",0.638454397674425,872.42,4841.827,5661.62041176335,127.027372552831
"666",0.531845775229256,851.26,4921.49,5478.44188455483,133.769681667762
"667",0.47864713838276,832.24,5008.233,5266.44184521829,139.995883290199
"668",0.434238472003632,809.41,5089.828,5026.89991285546,145.606592109287
"669",0.413006704833612,782.87,5165.672,4786.98565929198,150.520509009175
"670",0.464337333680898,746.26,5232.68,4644.02233405318,154.671658524462
"671",0.460071618430796,718.3,5315.124,4505.17485175987,158.012246607825
"672",0.451999234733399,697.04,5378.996,4340.65742232471,160.52464293985
"673",0.456999778076153,672.38,5446.457,4187.97739153523,162.226695844942
"674",0.408199166752487,650.13,5510.684,3999.89372340584,163.162048197946
"675",0.346158516617673,621.93,5575.977,3763.61505290033,163.388484524238
"676",0.291637190248581,587.83,5635.143,3473.60777128239,162.966494090924
"677",0.246064080965769,556.86,5689.836,3157.60137869082,161.94685379605
"678",0.237400994604552,514.39,5745.432,2866.25300923635,160.361594356919
"679",0.262128547361749,472.72,5788.336,2628.15927871974,158.223203029729
"680",0.238443971764403,436.34,5834.159,2392.29954654492,155.534799610883
"681",0.242228114691052,396.27,5875.127,2184.86193525423,152.305646834016
"682",0.287393276191871,366.86,5908.534,2033.2240987243,148.559528194168
"683",0.279823755073453,335.77,5945.587,1891.13888663111,144.336629919047
"684",0.244587401394213,308.5,5968.578,1731.41810184107,139.695384594494
"685",0.212108056565319,284.78,6002.83,1575.69775831612,134.709113936776
"686",0.206497989553629,262.92,6028.219,1432.65038546009,129.45553879508
"687",0.220625871701196,239.38,6051.535,1306.73574141409,124.007686549699
"688",0.238865729227705,219.26,6075.478,1206.81228731301,118.430703794135
"689",0.234840531846989,196.86,6089.65,1111.02215443223,112.782670369694
"690",0.239887265692729,185.23,6114.94,1025.06167526622,107.117097525051
"691",0.250924984008697,169.46,6133.952,949.624432610808,101.483570288019
"692",0.210569166648321,155.64,6145.323,863.663974368029,95.926756315286
"693",0.205642095722389,141.93,6160.547,782.770146546485,90.4855759977898
"694",0.197039080817514,133.12,6170.971,707.494507158094,85.19120726777
"695",0.219568275136613,119.99,6185.381,647.192609963184,80.0659724739024
"696",0.236473217771825,106.94,6192.477,597.958962582131,75.1246071809256
"697",0.25367479507852,99.41,6203.848,557.102589427897,70.3770949521672
"698",0.266013721683404,92.9,6209.036,522.430688959995,65.8313959573927
"699",0.27431266290786,83.71,6225.167,490.833596297486,61.4947519423866
"700",0.223258836572956,75.7,6230.061,450.525870976529,57.3737405304575
"701",0.214486999207825,71.76,6237.221,409.884875699265,53.4733867628383
"702",0.182590536665886,66.96,6242.026,367.665140003709,49.7952250778327
"703",0.21196034182647,62.15,6249.849,334.10121467035,46.3360114390489
"704",0.193154034036333,54.87,6255.354,301.531714138047,43.0880252983954
"705",0.242708729643769,51.3,6264.854,278.342185577458,40.0408477088156
"706",0.221649694293236,45.76,6262.827,254.762592036617,37.1832198208312
"707",0.205259616348609,42.37,6269.813,232.077534983574,34.5045431709558
"708",0.225931194315348,37.91,6273.78,213.350274421885,31.9954100463317
"709",0.229853565901689,34.45,6275.351,196.276428941378,29.6472016740344
"710",0.275858929958258,32.44,6280.904,185.079396049911,27.4519138594974
"711",0.246105864020757,30.36,6282.295,172.347159266637,25.4021694391614
"712",0.2670580106962,28.01,6290.492,161.851578880223,23.4914084190218
"713",0.318650575153385,26.21,6284.35,155.288955420482,21.7136555207534
"714",0.35916434077109,25.42,6289.33,150.805829389891,20.063142372877
"715",0.324746167687598,23.79,6290.85,143.643791254916,18.5344204486552
"716",0.348407245608143,22.49,6290.949,137.714479112992,17.1224402987123
"717",0.413825309353657,21.59,6299.984,133.8419943835,15.8220646664676
"718",0.380675441884782,21.18,6297.291,128.212261977516,14.6277037200273
"719",0.318258534402653,20.5,6303.784,119.825794494552,13.5334574064565
"720",0.255841386694368,19.12,6304.747,109.766166166627,12.5330735466888
"721",0.302940880982234,17.8,6306.51,102.216658640603,11.6195908714688
"722",0.310043506314704,16.41,6309.825,95.6267156738414,10.7852122602256
"723",0.340693124944874,15.43,6307.154,90.6304808427247,10.02184481635
"724",0.347142928456797,15.13,6313.917,86.4384552841242,9.32183553282964
"725",0.365673792053096,13.8,6311.383,82.8513596836505,8.67845487809735
"726",0.453027774769127,12.75,6309.645,81.8144053181571,8.08607445431363
"727",0.398663606415965,12.31,6314.166,78.8421985548181,7.54011778961801
"728",0.447693851652322,11.82,6318.427,77.0676467028724,7.03702373327947
"729",0.488617623794792,11.77,6312.076,75.9998626532044,6.57392087173535
"730",0.516822354311049,11.25,6320.067,75.1703359461373,6.14829762942432
"731",0.455754610335792,11.28,6318.459,72.8993660031875,5.7579252935404
"732",0.436028874823517,11.02,6321.87,70.4826671353708,5.40076713538574
"733",0.40583621842552,10.85,6322.134,67.4756392521153,5.07473216421671
"734",0.274309455331612,9.78,6321.229,62.0989275251679,4.7774926396909
"735",0.248387215378786,9.53,6321.599,56.4722542663735,4.50643019034312
"736",0.339037990049366,8.78,6324.274,52.8789979978445,4.25850218494374
"737",0.407160584787534,8.59,6325.325,50.963819562698,4.03029674221326
"738",0.403105639080122,8.19,6323.303,49.0845371998953,3.81852147553574
"739",0.472778326499083,7.87,6327.634,48.3463279154914,3.6205427996769
"740",0.514413681301477,6.88,6328.175,47.7454675931521,3.43454844591029
"741",0.655467881576887,7.09,6329.439,49.002943217903,3.2594838233856
"742",0.726464789833839,7.08,6332.057,51.0214971319779,3.09491054417045
"743",0.665717180470528,6.96,6332.483,51.9581853245294,2.94093514686187
"744",0.928309417334691,7.57,6332.271,55.7139663755635,2.79812031881885
"745",1.00563981656465,7.45,6334.02,59.5648062540935,2.66719638307103
"746",1.10285046050218,8.51,6333.723,63.6665225278101,2.54901023356307
"747",1.32715031187834,8.72,6335.663,69.0054497181853,2.44454466834166
"748",1.05091866425425,9.35,6333.017,72.3466943459137,2.35478050601402
"749",0.921481753098452,9.78,6329.564,73.9762844094846,2.28060805089813
"750",0.681081415356102,10.74,6334.381,72.5315478017494,2.22255438509775
"751",0.795388701663027,11.23,6334.024,72.5239048406533,2.18036561922936
"752",0.826980109476745,11.22,6346.064,73.3337245529392,2.15270668511028
"753",0.78142816984248,10.79,6343.434,73.8168455178063,2.13741715571775
"754",0.789324971708651,10.55,6343.616,74.6248741000638,2.13212664745619
"755",0.914082900821168,10.86,6339.216,76.5696065231886,2.13463492064091
"756",0.849736155353207,10.61,6342.918,77.9056461855296,2.14308918950173
"757",0.896853764178063,11.1,6345.902,80.1593800162099,2.15613156423777
"758",0.835031695832059,11.32,6344.145,81.5443086263422,2.17287348456477
"759",0.737921483041576,11.95,6346.501,81.4375366600361,2.19280566918325
"760",0.672791624132921,11.38,6350.224,80.3753216717984,2.21562116157063
"761",0.552846355448587,11.91,6348.506,77.4432747006321,2.24089300347418
"762",0.475574552096177,12.07,6348.173,73.527540976942,2.26783005658476
"763",0.526063664789392,11.27,6350.329,71.1919900300917,2.29513134801968
"764",0.592518090590079,11.53,6349.143,70.1125127583934,2.32102243928165
"765",0.614950020177377,10.78,6351.173,69.964122484098,2.34367151284707
"766",0.7135268542802,10.54,6348.751,71.982657569838,2.36171340574829
"767",1.00645157118211,10.04,6362.082,78.8772289936478,2.37455681156346
"768",1.27316795112018,11.06,6353.293,89.3112484411058,2.38261121816091
"769",1.89553364559986,12.04,6354.201,108.608553477358,2.38766561830253
"770",2.4374126389274,14.19,6361.873,136.775432883918,2.39320043136937
"771",2.54741617102554,16.11,6359.057,168.204362451288,2.40485001561546
"772",2.43114952335491,20.72,6363.45,197.226294143408,2.43082555433545
"773",2.43401686338847,24.67,6367.553,228.541454292916,2.48133047339529
"774",2.46280030457838,28.57,6370.349,265.544828848524,2.56686207104591
"775",2.22784034925334,33.58,6367.86,299.844555372349,2.69683319509458
"776",2.25558839592262,37.9,6374.365,341.585051019299,2.87932700933157
"777",2.38840933078839,43.35,6376.995,396.020191508627,3.12087538205312
"778",2.4402367282375,50.04,6384.889,456.728566626149,3.42684774942589
"779",1.99149532838802,58.96,6391.744,501.874804285532,3.80299830861257
"780",1.68324848961256,67.14,6394.28,539.248310185096,4.2561682268767
"781",1.37493673647046,70.64,6404.887,564.182532546289,4.79197923936311
"782",1.5172171760908,76.88,6415.473,603.246033840575,5.41177340644967
"783",1.40570780725395,84.09,6419.771,637.883292276143,6.11122998649308
"784",1.47268035448482,89.04,6426.154,680.886875856927,6.88228853795774
"785",1.17775921581,95.06,6439.889,702.196113949292,7.71581226769108
"786",0.941188677137119,97.62,6447.753,705.586362569217,8.60314721762643
"787",0.78498059912385,101.61,6457.404,697.127023625121,9.53487257886444
"788",0.670040022317052,103.61,6470.734,677.178004428197,10.4977988320677
"789",0.836167011018893,100.79,6481.615,683.620098413798,11.4737457880798
"790",0.727012893875327,100.06,6487.727,680.210568891928,12.4407283475259
"791",0.732074080008695,102.68,6501.487,679.459410823651,13.3778589139464
"792",0.784743500430026,100.41,6506.874,690.632063815756,14.2688310555499
"793",0.910085481246313,100.46,6518.249,720.810374753788,15.1024613212796
"794",0.888052834853319,101.19,6531.324,749.289051827091,15.8737485136708
"795",0.910188391541578,105.94,6536.017,780.864630599137,16.5853540822525
"796",0.947262205626559,108.88,6550.264,813.152243153164,17.2466854477772
"797",0.983174856300326,115.39,6565.02,847.200329806746,17.8711251460375
"798",0.970946317320382,117.54,6577.439,884.310439855928,18.4734549349446
"799",1.02061484195096,123.87,6586.584,921.749763008341,19.0680368672882
"800",1.02482848627127,128.71,6598.914,962.838129110891,19.6679354156323
"801",1.09366862566264,137.33,6619.177,1014.7852776552,20.2844512769836
"802",0.912465340472041,142.42,6623.314,1039.3579918224,20.9272328582986
"803",0.9226390696368,148.86,6640.783,1071.24038764272,21.6048754965725
"804",0.942968110487247,150.8,6657.4,1108.57408091977,22.3228325370919
"805",0.889458552563193,159.95,6672.232,1137.48886329872,23.082251058963
"806",0.80758555218864,161.08,6691.346,1150.28824522612,23.881718499443
"807",0.836064334440061,167.37,6704.968,1177.11300427883,24.7178254157022
"808",0.742502524267979,170.34,6721.958,1179.64469625617,25.5841158368033
"809",0.818063327739353,171.62,6737.839,1196.22086109286,26.472023126749
"810",0.882783829290404,170.68,6756.157,1229.06733323825,27.3711952515229
"811",0.868214966374067,177.36,6774.133,1267.03612778331,28.2708433142262
"812",0.931448456487707,183.96,6795.104,1325.19712276041,29.1635832934813
"813",0.862484948697999,186.01,6808.44,1367.19796946431,30.0477662840087
"814",0.801443477668237,194.58,6828.429,1383.32614220781,30.9283052012436
"815",0.667832611238672,194.72,6852.262,1361.79069536892,31.8136853807763
"816",0.741310251749354,198.98,6874.117,1356.88537368608,32.7091765040135
"817",0.571584279788013,200.65,6894.451,1306.08704790051,33.610607296436
"818",0.477139378555442,199.48,6909.742,1233.91365524632,34.504660035725
"819",0.582886204231729,190.15,6924.969,1203.17518092666,35.369573781093
"820",0.534044882868541,186.09,6944.75,1165.51804254201,36.1754918773913
"821",0.614309164039995,178.44,6965.102,1160.64361999561,36.8922108824794
"822",0.537451416063579,175.81,6982.209,1138.59102250736,37.496699249629
"823",0.580150890483278,170.61,7001.924,1128.77485135184,37.9772896323595
"824",0.635911380812751,170.42,7021.471,1132.5902679978,38.3330561517023
"825",0.621375897816642,168.61,7033.939,1127.80959915265,38.5709395501384
"826",0.637291916099999,167.43,7055.862,1126.68190148407,38.7044153676433
"827",0.614346053493466,168.52,7069.28,1118.04917774416,38.7507262364827
"828",0.558650453603436,164.97,7082.643,1097.26728739431,38.7277486403122
"829",0.612023612454051,165.05,7101.455,1092.07144445036,38.6513903014706
"830",0.643799157431235,161.84,7123.176,1088.37690761906,38.5333339263705
"831",0.601180985741887,161.95,7136.478,1074.16788410559,38.381990378796
"832",0.525602811835347,159.51,7151.595,1036.88016660658,38.2044840698527
"833",0.583813381738685,158.42,7164.931,1016.1629408173,38.0059631245296
"834",0.566287241000024,153,7179.656,993.421545705765,37.7871277228606
"835",0.545368782560139,150.63,7192.455,969.378471392254,37.54516383584
"836",0.547938213813614,147.79,7212.178,944.085029873817,37.2764440014558
"837",0.555847227777741,144.84,7232.49,924.541474854056,36.9776683788409
"838",0.525790978642963,140.04,7234.059,897.598427338259,36.6462816818223
"839",0.517797173159299,136.01,7252.451,869.812210272656,36.2810313325679
"840",0.504652347910051,134.38,7269.8,843.049026636076,35.8816008331618
"841",0.506611288344446,128.61,7277.917,819.504359766223,35.4478422479846
"842",0.523478434481671,125.97,7286.723,802.238902432392,34.9798041132648
"843",0.447684127985662,122.93,7306.721,769.145523309588,34.4783573455226
"844",0.443992756012222,117.94,7314.007,736.803422167843,33.9457812753749
"845",0.41348470519944,113.83,7322.676,700.996254115834,33.3843399363978
"846",0.415174778094375,109.08,7337.678,668.896978919019,32.7948510996931
"847",0.414328428822334,104.15,7348.969,637.199850115298,32.1766759070788
"848",0.349636327246535,98.1,7359.857,597.912605820631,31.5285875676728
"849",0.395905369158058,93.9,7362.877,569.698709190243,30.8496228461867
"850",0.375588825104539,88.91,7377.272,540.046552482477,30.1389108699883
"851",0.412436082808102,83.99,7382.644,517.958790873116,29.3963545276903
"852",0.388404530880126,80.01,7391.697,494.175617260409,28.6234490851517
"853",0.436173247915005,78.33,7396.099,478.558922948511,27.8236204600219
"854",0.430297634614062,75.18,7405.425,461.269484942085,27.0020084765467
"855",0.339713872277929,71.27,7413.403,432.201723988687,26.1652124756605
"856",0.337939266077136,67.5,7419.959,403.586002750711,25.3205186128666
"857",0.348233016564925,64.61,7424.761,379.281559717821,24.4737453330505
"858",0.410370123650589,59.78,7438.955,362.111078418751,23.6280853046729
"859",0.40785095409884,57.57,7443.046,346.421594899638,22.7850375217253
"860",0.387495090050032,54.58,7447.717,330.118261858914,21.9461257420351
"861",0.429308272651631,51.46,7450.804,318.678770491055,21.1138022796948
"862",0.511842987500137,49.47,7460.251,315.669652422409,20.2912452966211
"863",0.485013572651145,47.68,7452.324,309.120516978039,19.482311145441
"864",0.409376397366252,47.39,7466.301,295.903463179198,18.6920144629791
"865",0.475870847985567,45.33,7469.668,285.177825205195,17.9259133052429
"866",0.459097927933101,44.34,7475.21,276.638179431994,17.1883727620082
"867",0.555603582145116,43.35,7479.622,274.593876289942,16.4818595392848
"868",0.551548629510114,41.52,7479.509,272.436760960017,15.8075516701721
"869",0.568131339800276,41.1,7486.311,270.630971470082,15.1664636346364
"870",0.727797399374612,41.13,7488.995,279.561696288816,14.5599588518735
"871",0.744933638055626,41.63,7494.275,286.797025925648,13.9896524065139
"872",0.755612890065657,40.81,7497.017,293.340775677954,13.4579936311415
"873",0.739516829326324,41.59,7504.412,298.096966243149,12.96828514983
"874",0.74462945975213,44.49,7511.013,302.840808985696,12.5237175468472
"875",0.672990061356781,44.21,7515.809,301.144634555644,12.1264421745248
"876",0.615532097026348,43.29,7520.432,294.963971604372,11.7770574377722
"877",0.597480359376127,43.84,7519.403,287.902844184317,11.4740192286882
"878",0.585541082811547,43.23,7523.826,280.754342769264,11.2132050178932
"879",0.528151652852663,43.43,7529.522,270.524478560205,10.9883667537031
"880",0.488735864875809,41.68,7529.873,258.763245588048,10.7921258150479
"881",0.438759635704971,41.24,7535.013,244.607716285334,10.6166788031725
"882",0.448196629410811,38.06,7541.779,232.657710745464,10.4541829092559
"883",0.435722954961113,35,7542.216,222.497470491896,10.2970612937666
"884",0.501932779709885,35.5,7545.586,217.045369034658,10.1385982229786
"885",0.461143131254345,33.22,7553.393,209.387158618307,9.97369363603716
"886",0.513511931563551,33.1,7556.786,205.268895898639,9.79945517611304
"887",0.47393816419954,31.53,7552.395,199.376311485542,9.61501264642812
"888",0.456471895670044,31.14,7564.055,192.878213675519,9.42105973454896
"889",0.380227327087527,29.76,7562.806,182.276629736946,9.21925952220453
"890",0.400894986880492,27.88,7569.409,172.639365984247,9.0114513988093
"891",0.344687850092223,27.37,7568.889,161.751767727762,8.79886600953796
"892",0.364711070813402,26.02,7576.83,152.236511800077,8.58187222452453
"893",0.43592337681482,23.95,7572.171,146.398907054795,8.36017589830331
"894",0.410807015691736,23.01,7581.909,140.055271108267,8.13325921331837
"895",0.505300996709618,22.59,7581.261,137.946439505556,7.90107189481572
"896",0.56833232986135,21.12,7584.156,138.407978699458,7.66434385362475
"897",0.571566273737052,20.71,7584.753,138.52889711165,7.42477806271426
"898",0.62709421177668,20.37,7583.1,139.814968910878,7.18517857422738
"899",0.626563260800559,21.22,7593.591,140.670226229954,6.94905965026191
"900",0.641076274496324,21.39,7590.975,141.380673710496,6.72010180626783
"901",0.751179393285507,21.45,7591.072,144.576305365481,6.50167996197155
"902",0.710428432240521,20.82,7595.724,146.506913643128,6.29654189511497
"903",0.725592970930746,21.64,7599.267,148.396710177717,6.1068749509595
"904",0.653180222428591,22.2,7597.078,147.562823076948,5.93431895437076
"905",0.506207155002387,21.21,7598.986,141.46818310855,5.77981211402684
"906",0.441246589351585,20.89,7599.904,133.495174989113,5.6432699531422
"907",0.467694659095566,20.71,7604.682,126.59775854616,5.5230436420517
"908",0.401653246188144,20.46,7611.851,118.694889198717,5.41582623554343
"909",0.398151126500324,18.51,7608.3,111.40830212772,5.31733243560884
"910",0.3858944077044,18.65,7615.212,104.279270894032,5.22306778512127
"911",0.323576146483572,16.32,7612.078,96.1918710835774,5.12889494573703
"912",0.357351111776442,15.83,7607.192,89.7736215624642,5.03139317560443
"913",0.257710114097988,14.51,7614.029,81.4526955380638,4.9279163922456
"914",0.287326281016695,13.01,7615.516,74.7982871697841,4.81663464028369
"915",0.233904776385933,12.31,7620.717,67.561304695952,4.69639810663984
"916",0.232896126181609,11.06,7621.177,60.9775215098964,4.56662911467862
"917",0.222939266010331,10.47,7618.82,54.9942715190019,4.42725934567925
"918",0.256138094648944,8.99,7618.967,50.594154800188,4.2786359523259
"919",0.263853423581131,8.28,7623.408,46.8772513965206,4.12150662379357
"920",0.270315910029313,7.47,7624.106,43.5773741451817,3.95707720544413
"921",0.276471552751995,6.86,7621.584,40.6069663059681,3.78700065591774
"922",0.320601082702689,6.4,7621.637,38.469272531051,3.61322206304676
"923",0.319333645528913,6.06,7620.598,36.4005816854714,3.43778803605909
"924",0.283581241574334,5.76,7625.621,34.004633979592,3.26272581651396
"925",0.354210495402792,5.92,7629.865,32.4644975574675,3.08992657003157
"926",0.391494671228841,5.5,7628.578,31.2969110243834,2.92099765116279
"927",0.37639434999766,4.88,7626.048,29.9280549945635,2.75724788684276
"928",0.369748212214103,4.68,7623.49,28.4668035969267,2.59975194549627
"929",0.329139938420286,4.32,7623.998,26.6924498925459,2.44933823215115
"930",0.333443688852301,3.81,7628.858,25.0424130614824,2.30654054990545
"931",0.366562723986058,4.03,7626.315,23.8646306144229,2.17156940640647
"932",0.313640061033562,3.82,7626.34,22.2960961676392,2.04435493255696
"933",0.270947837966058,4,7629.075,20.5377737874948,1.92466408608103
"934",0.312792718176279,3.14,7629.885,19.2248260225405,1.81215284486799
"935",0.324381506872859,3.24,7630.874,18.0798665690261,1.70636433779133
"936",0.339807890398947,2.82,7629.364,17.1092807691751,1.60679457791452
"937",0.423805575006748,2.8,7626.893,16.5262697927278,1.51297754997458
"938",0.600939668393171,2.64,7632.192,16.8448224645887,1.4245309434183
"939",0.589503137656226,2.35,7627.276,17.0180083436763,1.34119969424821
"940",0.697054207299419,2.72,7629.626,17.5891689239638,1.26292411115711
"941",0.67106494041153,2.68,7629.536,17.8853888610412,1.18981977275803
"942",0.609857631366667,2.62,7630.382,17.76104507257,1.12209942700791
"943",0.648711722028303,2.53,7630.715,17.6859538955878,1.05996710693826
"944",0.689669659520511,2.7,7626.74,17.7029232771269,1.00349101561009
"945",0.725797127341677,2.69,7631.101,17.9015803397397,0.952559088089453
"946",0.644186906711082,2.47,7630.499,17.7371114656204,0.906923022252956
"947",0.558611057727816,3.06,7634.693,17.1325538011922,0.866264727153543
"948",0.624332700661489,2.94,7633.033,16.964734338187,0.830203502873096
"949",0.582186310933376,2.41,7631.89,16.5587116736654,0.798260793596473
"950",0.625240152015191,2.2,7637.256,16.3182954695074,0.769904938038858
"951",0.766489760876741,2.21,7629.73,16.5886428419475,0.74461028890299
"952",0.824780728418412,2.31,7634.671,17.1293924079737,0.721900164229716
"953",0.887667797688237,2.5,7633.174,17.7988770741153,0.701425015816687
"954",1.01287919244069,2.33,7637.381,18.8698531226649,0.68301498653352
"955",1.09744193368858,3,7632.366,20.1352705142651,0.666669869154903
"956",1.25014826245992,2.64,7636.046,21.7404961562493,0.652536178650132
"957",1.17019917488645,3.07,7633.836,22.8423966034288,0.640879075783609
"958",0.876448064127585,3.25,7635.213,22.9267166452632,0.63204014662589
"959",0.765409845418639,3.18,7631.129,22.7750527212116,0.626318494651519
"960",0.717586271573378,3.37,7636.202,22.4407867217171,0.623780623740502
"961",0.630482377968828,3.34,7637.64,21.8189674582171,0.62417474040447
"962",0.585621608269703,3.44,7638.987,20.9805509005623,0.626983810322409
"963",0.512334089899069,2.93,7640.079,20.0345862881483,0.631513449132157
"964",0.518995225232103,3.26,7636.062,19.2842924409753,0.636974393560441
"965",0.554189486643911,2.93,7638.948,18.7950524010805,0.642566004290218
"966",0.587930771177951,2.99,7642.538,18.5065391923546,0.647574709504278
"967",0.670029613202821,2.59,7640.793,18.6038271804342,0.651466196968649
"968",0.748033827904588,2.65,7640.672,19.0846114567218,0.653935448618817
"969",0.93008834170151,2.61,7635.29,20.4693125578557,0.654927232422318
"970",1.07530732295654,3.02,7638.643,22.4388400763532,0.654644563998936
"971",1.27715079634001,3.14,7637.09,24.8119645595449,0.653576278782116
"972",1.52719339885768,3.49,7642.359,28.0427665818633,0.65249862347526
"973",1.87682250885424,3.61,7637.656,32.7310581898028,0.652411674477491
"974",2.31376296161792,4.1,7641.528,39.1987645751408,0.654497350766709
"975",2.4661873108909,4.71,7644.106,46.9918918406993,0.660171912162411
"976",2.98888289507914,5.86,7645.517,57.9062216286746,0.671185542268437
"977",2.81752254938608,7.33,7642.165,67.7697246687096,0.689666381737086
"978",2.59587309656231,8.7,7643.548,78.1691849277814,0.718176017003359
"979",2.46446176068231,10.19,7641.417,88.1764379315784,0.75945281788635
"980",2.47022399727263,11.48,7642.539,100.940963255175,0.815985744606237
"981",2.49693780096974,12.4,7644.115,116.813395723998,0.88976139809208
"982",2.04877286639488,14.12,7645.945,129.318347971518,0.982417961594842
"983",2.18682951312864,16.95,7651.233,146.226597794746,1.09561823509254
"984",2.27895264861157,18.63,7650.503,165.67542852392,1.23086048046059
"985",2.3767392223771,21.61,7653.687,189.177582633943,1.38947427925136
"986",2.63476867738995,24.72,7657.578,221.707369047616,1.57305319222163
"987",2.35902494923226,27.63,7656.486,250.395165331851,1.78391938518175
"988",1.73476596695975,32.23,7664.302,269.013827413769,2.02574164457081
"989",1.7261717181675,36.35,7666.627,290.653073963674,2.30289592001489
"990",1.30533993454562,39.32,7667.991,299.557686607102,2.61835977583983
"991",1.24656378307197,41.74,7677.63,307.271118248867,2.97262364643815
"992",1.1601161568302,43.62,7677.798,316.416409679562,3.36300415572638
"993",1.05585151582056,44.61,7681.837,322.832274132965,3.78360694765796
"994",1.21554713591156,46.07,7686.029,338.635054990794,4.22668900462548
"995",1.15079271219133,47.4,7696.411,355.189302711178,4.68408156592002
"996",1.08021916331767,49.36,7700.633,369.979970396121,5.1489314172143
"997",0.878552399330994,52.9,7699.626,372.542194841788,5.6168301416449
"998",0.738755161072393,53.96,7704.979,367.329847173058,6.08526913577716
"999",0.716850746544517,52.03,7708.14,361.945123483403,6.55159839530703
"1000",0.637092812248131,54.11,7722.174,351.880841881871,7.01118024932077
"1001",0.489073176207635,53.49,7726.825,333.572312215344,7.45737343541408
"1002",0.549849399279682,50.79,7730.329,322.399929108221,7.88221464572543
"1003",0.53182402961092,49.64,7731.932,309.958292203538,8.27675823579761
"1004",0.52509522091261,48.14,7742.207,298.268296785673,8.63242400467195
"1005",0.526507247055586,45.72,7739.908,288.735180310405,8.94243968459824
"1006",0.446130939297516,44.44,7751.157,275.254836152389,9.20236412771593
"1007",0.468082307202996,43.97,7746.9,265.315195660331,9.41020266830656
"1008",0.451805316824007,40.09,7754.263,255.280258307029,9.56585083448732
"1009",0.489257628824935,39.9,7761.854,247.49589398951,9.67067592789616
"1010",0.522342731685328,38.7,7759.461,242.085282708869,9.72735699244878
"1011",0.585652688550031,37.92,7765.498,240.518823856654,9.73972414822904
"1012",0.535187646629551,35.8,7776.313,236.823621652603,9.71272354462093
"1013",0.500287454768563,36.04,7775.58,229.619460698515,9.65238016555051
"1014",0.453049852958386,34.86,7779.797,219.454175321778,9.56515891289903
"1015",0.426610226299682,34.13,7778.658,208.730539925749,9.45679540305877
"1016",0.453419845519088,32.88,7789.12,200.037056062289,9.33140665131502
"1017",0.377236417908197,31.05,7791.489,188.360560965133,9.19139475953263
"1018",0.337496394666455,29.95,7792.152,175.575749415567,9.0380363104084
"1019",0.312880364802268,28.28,7793.68,162.191013022105,8.87183572677589
"1020",0.280416614656589,26.4,7796.271,148.466628761745,8.6925889243663
"1021",0.296408266098861,24.14,7802.344,136.805537029721,8.49958133584191
"1022",0.28925582035485,22.41,7805.56,126.069458588443,8.2919011101956
"1023",0.316073116295399,20.7,7798.637,117.683220666004,8.06892344946038
"1024",0.317684512133267,19.39,7809.638,110.016462700827,7.83073057048059
"1025",0.308764887613804,18.65,7806.998,102.806036899494,7.57835305872578
"1026",0.314060572575002,16.74,7806.335,96.6120164404874,7.31373857049416
"1027",0.327361308694951,15.88,7807.908,91.0323308183196,7.03946014213776
"1028",0.278895614132302,14.88,7810.276,84.5450110623971,6.75842746238022
"1029",0.332661257186436,13.95,7814.692,79.8752040866057,6.47363703206568
"1030",0.33124914667134,12.75,7814.643,75.4572631561441,6.18786381232696
"1031",0.344282265619958,11.29,7814.651,71.5504071042551,5.90357791868105
"1032",0.323508656996566,10.72,7818.967,67.3687865291199,5.62299364550719
"1033",0.308959261626208,10.39,7818.759,62.6878753067367,5.34805044733067
"1034",0.258060927134097,10.26,7817.062,57.3232095612895,5.08032484953468
"1035",0.219975821641627,8.98,7818.958,51.6250386364309,4.82089829343616
"1036",0.222391716078728,8.42,7819.944,46.5797815856641,4.57026112650585
"1037",0.211483652927574,7.91,7820.122,41.964899959062,4.32833816217797
"1038",0.253736674417029,6.83,7821.289,38.6762131862068,4.09469370663786
"1039",0.239159901416495,6.25,7823.421,35.4390983982273,3.86879988710768
"1040",0.287222343706516,5.64,7822.907,33.173459229958,3.65028966143729
"1041",0.299581265467315,4.91,7824.283,31.2449379145958,3.43905908336933
"1042",0.35208965396507,5.22,7822.477,29.9473793879942,3.23527122135394
"1043",0.389799481782415,5.06,7826.694,29.1113966170722,3.03931791235116
"1044",0.441933444934513,4.78,7829.301,28.4559344782222,2.85175096760254
"1045",0.423809953037062,4.69,7820.218,27.6966638940357,2.67321193968293
"1046",0.491335675231461,3.96,7829.923,27.2885707890184,2.50433369043038
"1047",0.569140901246306,4.35,7826.373,27.385322383004,2.34562612559913
"1048",0.587409894103547,4.1,7830.162,27.4879562803853,2.19743020422982
"1049",0.647882385197622,4.06,7827.099,27.8992223931299,2.05995408196514
"1050",0.655001538937035,4.06,7821.148,28.1476694953379,1.93329331149085
"1051",0.705021080119417,4.29,7828.284,28.6161645659233,1.81743437825478
"1052",0.712418939596725,4.19,7827.653,29.0472870456877,1.71224220398939
"1053",0.562746652462337,4.11,7829.408,28.5416703082461,1.61745918971852
"1054",0.536566616202115,4.44,7826.238,27.6431857678921,1.53270454505161
"1055",0.459759274673105,4.68,7834.732,26.1954737401307,1.45739080640745
"1056",0.401962404001293,3.95,7829.591,24.4765639507305,1.39065388891808
"1057",0.494845064787648,3.76,7828.529,23.5724718242875,1.33136289012445
"1058",0.545497789808975,3.73,7833.202,23.1177270979545,1.2782066280746
"1059",0.541983941333642,3.09,7834.035,22.573831509691,1.22990750179413
"1060",0.475018171431527,3.33,7831.805,21.5613517002973,1.1854292241322
"1061",0.510476805910495,3.49,7831.584,20.9288991518476,1.14401626605506
"1062",0.532161219232756,3.41,7829.832,20.4851447429608,1.10509869745677
"1063",0.615516544881818,3.02,7834.355,20.4734284131104,1.06823930187839
"1064",0.616378760246756,2.96,7830.26,20.3794262540587,1.03314712862544
"1065",0.736948426385261,3.2,7832.232,20.7862340415693,0.999697539604605
"1066",0.691002200957114,2.72,7833.557,21.0234332891428,0.967909542501351
"1067",0.706509757454276,3.15,7836.507,21.2497811647524,0.937920143111
"1068",0.805104720283798,3.12,7840.899,21.8350023161594,0.909934744791697
"1069",0.65147822104709,3.07,7838.571,21.629861710028,0.884158642184899
"1070",0.612255782473928,2.77,7831.807,21.2550403456829,0.860773319283546
"1071",0.549120748220631,3.06,7832.106,20.5149103459105,0.83985831968262
"1072",0.53825982547741,3.31,7833.291,19.8236783096059,0.821311714343787
"1073",0.582969361493945,3,7835.844,19.3238149352381,0.804840264249875
"1074",0.595242662042914,2.93,7836.763,18.8947701613202,0.790016933230338
"1075",0.570861923194075,2.78,7838.176,18.3631705304548,0.776386786368653
"1076",0.464046616351794,2.89,7840.901,17.4753341166341,0.763548859939255
"1077",0.453325045070158,2.64,7839.674,16.6480563940922,0.75117198216811
"1078",0.399221563901393,2.37,7833.914,15.6344953904874,0.738955728136407
"1079",0.449217943325994,2.42,7835.388,14.8473135294564,0.726609351949324
"1080",0.436395156795576,2.28,7832.695,14.0696460508345,0.713855462473852
"1081",0.530512701790353,2.24,7838.135,13.7572391518075,0.700459208762499
"1082",0.562003583577869,2.32,7839.002,13.632104676068,0.686265348965914
"1083",0.510428358816372,2.12,7840.2,13.3268907621021,0.671244682689046
"1084",0.511975947387328,1.86,7844.047,13.0901220847328,0.655515893531308
"1085",0.473775685674152,2.14,7836.462,12.6561381582569,0.639292299341856
"1086",0.444335988325891,2.08,7842.412,12.1602168922087,0.622813459167127
"1087",0.429122945616855,2.01,7838.041,11.5593173586758,0.606287251910099
"1088",0.4604523760121,1.76,7839.981,11.0960217097137,0.589850831607337
"1089",0.50102164928885,2.15,7839.493,10.7562789346679,0.57356252807595
"1090",0.52738903727907,1.48,7840.769,10.509922039581,0.557430111677947
"1091",0.55281695572163,1.47,7844.424,10.3177941715623,0.541456517449067
"1092",0.526121750592975,1.51,7844.24,10.1003544005701,0.525670185409869
"1093",0.557475790547346,1.64,7839.145,9.94399801063823,0.510131637977025
"1094",0.585846707682402,1.71,7840.529,9.88353210737072,0.494920185252091
"1095",0.509689841291,1.58,7841.591,9.62108744042473,0.480121856477297
"1096",0.682296820728245,1.32,7839.079,9.77346994160107,0.46582574004799
"1097",0.668514956655724,1.39,7841.543,9.85996522287027,0.452106276248132
"1098",0.624900289995811,1.53,7839.575,9.82449300661922,0.439040315713927
"1099",0.754818564819,1.57,7839.836,9.987755697809,0.426721239048332
"1100",0.813608437070055,1.43,7840.556,10.1968604665394,0.415232954856265
"1101",0.686002473920385,1.4,7840.548,10.0827589991699,0.404646680779075
"1102",0.614104486180375,1.72,7843.049,9.86073592464729,0.39502725030934
"1103",0.501985092699636,1.61,7842.224,9.45039978543009,0.386397286782776
"1104",0.468843998064949,1.2,7843.763,8.95598277238437,0.378700003565536
"1105",0.43163727608427,1.3,7840.918,8.41958305854287,0.371789246586658
"1106",0.460115355437103,1.4,7838.399,8.00361511177746,0.36544303169405
"1107",0.457516517182811,1.21,7845.269,7.63576385780275,0.359398517584458
"1108",0.410401420075759,1.21,7845.625,7.17492441789339,0.353402166410203
"1109",0.3477570544921,1.24,7845.058,6.66453603894219,0.347248901847379
"1110",0.451104092504371,1.01,7846.837,6.42588441820774,0.340784700945034
"1111",0.50043948606435,1.06,7842.98,6.28135886651171,0.333895541441571
"1112",0.557973100191894,0.98,7840.738,6.24639862889761,0.326525815586051
"1113",0.572490282810175,1,7843.756,6.25314964268918,0.31869924463896
"1114",0.63592545877047,0.81,7847.055,6.31340640200649,0.310515542868267
"1115",0.666686604565764,0.92,7841.983,6.41328456887788,0.302129953816262
"1116",0.634657161146887,1.02,7842.081,6.40742805370343,0.293727274276032
"1117",0.762332381121632,1.01,7845.352,6.53179124761763,0.285497541880784
"1118",0.653597356587292,0.82,7843.567,6.4689786221114,0.277607858806298
"1119",0.722173272200184,0.95,7841.478,6.48236081484007,0.270191427153916
"1120",0.823534885221204,0.84,7840.331,6.61014201712987,0.263336029854605
"1121",0.778078493454134,0.94,7840.777,6.67955876620596,0.257083638973334
"1122",0.80267576871754,0.86,7844.15,6.8086738836826,0.251454663394376
"1123",0.786121735795486,1.12,7843.96,6.97790566494975,0.24645999404884
"1124",0.785589370877469,1.08,7842.353,7.11843440238368,0.242105157600512
"1125",0.682666295958194,1.14,7846.935,7.05655094473716,0.23839639491707
"1126",0.617037146386972,0.99,7847.61,6.89407553429479,0.235334915928932
"1127",0.707203966962068,0.98,7842.39,6.84739225602241,0.232890320262612
"1128",0.700381858199571,1.08,7845.015,6.80930249161005,0.230981851140538
"1129",0.745768042389068,0.9,7844.358,6.85002105067395,0.229498373785857
"1130",0.65770407589327,0.99,7841.943,6.77821532902032,0.228329897715742
"1131",0.815520378720767,0.99,7843.645,6.93391159768802,0.227388041923722
"1132",0.96537540447052,1.09,7844.993,7.30457981151447,0.226606865137599
"1133",1.15918684376183,0.93,7844.931,7.84152026450263,0.225956676125212
"1134",1.01170075831525,0.93,7841.56,8.19119216912652,0.225475125449038
"1135",0.938448971981087,1.09,7842.998,8.42359630068178,0.225276282455399
"1136",1.18675166991397,1.18,7843.266,9.05577592785392,0.225507902984986
"1137",1.38637168812051,1.47,7848.652,9.94421607941427,0.226297555073385
"1138",1.44622660075647,1.17,7847.483,11.0077093018717,0.227767623919906
"1139",1.50665622570826,1.49,7847.363,12.0477368435121,0.230083252190803
"1140",1.47685395351431,1.57,7846.094,12.9423942034689,0.233467240243447
"1141",1.49939558423494,1.65,7845.361,13.9988622449615,0.238168717314156
"1142",1.38404641628416,2.01,7849.63,14.8964810545497,0.244407160137467
"1143",1.31392919213006,2.12,7848.858,15.6466628565456,0.252345953215619
"1144",1.03832132580505,2.18,7850.649,15.869171409049,0.262077760713324
"1145",1.18388482027705,2.46,7847.853,16.4644528333848,0.273596284106215
"1146",1.27821217499218,2.36,7844.537,17.457814278069,0.286758246139427
"1147",1.62791938779755,2.27,7844.557,19.3337502477503,0.30132770797781
"1148",1.21477195357412,2.65,7848.927,20.1511696521969,0.317106316306974
"1149",1.0567941659473,2.89,7844.713,20.566389519354,0.334057675448918
"1150",0.942346980343346,2.86,7845.181,20.7782682624585,0.352231316540652
"1151",0.87156656634509,2.83,7847.767,20.7413828853523,0.371588181544194
"1152",0.77704924577534,3.07,7849.892,20.4382868923234,0.391930706641197
"1153",0.729248306590734,2.91,7842.501,20.1699954473694,0.412909478557635
"1154",0.589113306554727,2.61,7848.093,19.4495534673839,0.434058657972594
"1155",0.545130393383954,2.72,7842.649,18.571693547623,0.454856195676696
"1156",0.50671712442847,2.98,7850.58,17.6840737608027,0.474755264704683
"1157",0.525962063263903,2.71,7849.563,17.0213411957607,0.493199782476357
"1158",0.561050998419735,2.8,7844.981,16.5364280319803,0.509671376867863
"1159",0.550125840776766,2.49,7850.957,16.1430213209047,0.523761797853342
"1160",0.555107170974761,2.22,7849.096,15.8159001192261,0.535230789447249
"1161",0.640751725179881,2.72,7852.754,15.8670878577835,0.54401702959731
"1162",0.793384265309336,2.36,7852.924,16.5202263032197,0.550216932132526
"1163",0.771344346746401,2.33,7849.547,17.0087116383682,0.554082845193021
"1164",1.03805879390745,2.4,7855.14,18.305648507538,0.556044501852117
"1165",1.55488655729799,2.58,7851.981,21.0635424782279,0.55667033078629
"1166",1.82627282433933,3.05,7850.927,24.5780163495981,0.556664062388791
"1167",1.80557132412758,2.85,7850.849,28.2105417994422,0.556974441061419
"1168",2.24834754181058,3.71,7846.087,33.1031844437685,0.558841940163542
"1169",2.03866465397509,4.19,7844.777,37.4480271463063,0.563692384680799
"1170",1.67215837670527,4.8,7857.985,40.3974101420077,0.573042914926205
"1171",1.51144488169455,5.44,7858.738,42.5732176707248,0.588322033664972
"1172",1.17186370093016,5.37,7850.252,43.2970112651505,0.610535829168813
"1173",1.19373266717225,6.28,7857.331,44.0608386866129,0.640023481302383
"1174",1.01365058201767,6.04,7857.398,44.0440018937757,0.676368719573188
"1175",0.953378683718448,6.38,7853.747,44.2439545689751,0.718523884840191
"1176",0.851769902227854,7.19,7853.894,44.1892044626672,0.765034911750842
"1177",0.767809744373519,6.98,7856.982,43.7350097180818,0.814284935195713
"1178",0.735605582436496,6.58,7856.02,43.4101834787487,0.86469852099336
"1179",0.639833511052756,6.64,7858.349,42.3440388215902,0.914834679346248
"1180",0.666945212055134,5.88,7861.391,41.9248984412413,0.963443229225882
"1181",0.638104175126219,6.23,7858.306,41.3524282180621,1.00946160400142
"1182",0.783441722597378,6.48,7860.181,42.1069213931478,1.05205150058275
"1183",0.760424028702255,6.26,7868.294,42.8465499857402,1.09066164547752
"1184",0.695640295595529,6.19,7865.802,42.7747336248353,1.1251263226108
"1185",0.634052391880897,6.3,7862.07,42.0771476380533,1.15566963214219
"1186",0.501100736340333,6.1,7861.23,40.07462862711,1.18268993477459
"1187",0.432617621669856,6,7862.486,37.6573383380094,1.2064975788726
"1188",0.398729811233836,6,7863.115,35.0268694477599,1.22710009465827
"1189",0.363420090540564,5.65,7867.222,32.3988172831672,1.24413931202985
"1190",0.356658123867889,5.23,7864.544,30.0831711955219,1.25699988223987
"1191",0.304575732988367,4.97,7870.748,27.6380370869571,1.26498640609532
"1192",0.306857093386135,4.46,7868.585,25.5636367498703,1.26750194778276
"1193",0.295462080693099,4.06,7867.724,23.675025570402,1.26414706179473
"1194",0.471641059355466,3.91,7862.715,23.4683818336716,1.25476741996265
"1195",0.626482369447116,3.48,7869.906,24.7282936054116,1.23949460095358
"1196",0.90786208952466,3.69,7870.115,28.4112956408469,1.21887855825726
